insert into sv_organ (id,standard_number,name,parent_id,path,fax,contact,phone,address,area_code,create_time,note,deep,type) values ('10010000000000000001','251010100000000000','城市-1','10010000000000000000','/10010000000000000000/10010000000000000001','02888888888','02888888888','02888888888','sc-smartvision','610000','1368066067374','系统测试','2','0');
insert into sv_organ (id,standard_number,name,parent_id,path,fax,contact,phone,address,area_code,create_time,note,deep,type) values ('10010000000000000002','251010200000000000','城市-2','10010000000000000000','/10010000000000000000/10010000000000000002','02888888888','02888888888','02888888888','sc-smartvision','610001','1368066067374','系统测试','2','0');
insert into sv_organ (id,standard_number,name,parent_id,path,fax,contact,phone,address,area_code,create_time,note,deep,type) values ('10010000000000000003','251010300000000000','城市-3','10010000000000000000','/10010000000000000000/10010000000000000003','02888888888','02888888888','02888888888','sc-smartvision','610002','1368066067374','系统测试','2','0');
insert into sv_organ (id,standard_number,name,parent_id,path,fax,contact,phone,address,area_code,create_time,note,deep,type) values ('10010000000000000004','251010400000000000','城市-4','10010000000000000000','/10010000000000000000/10010000000000000004','02888888888','02888888888','02888888888','sc-smartvision','610003','1368066067374','系统测试','2','0');
insert into sv_organ (id,standard_number,name,parent_id,path,fax,contact,phone,address,area_code,create_time,note,deep,type) values ('10010000000000000005','251010500000000000','城市-5','10010000000000000000','/10010000000000000000/10010000000000000005','02888888888','02888888888','02888888888','sc-smartvision','610004','1368066067374','系统测试','2','0');
insert into sv_organ (id,standard_number,name,parent_id,path,fax,contact,phone,address,area_code,create_time,note,deep,type) values ('10010000000000000006','251010600000000000','城市-6','10010000000000000000','/10010000000000000000/10010000000000000006','02888888888','02888888888','02888888888','sc-smartvision','610005','1368066067374','系统测试','2','0');
insert into sv_organ (id,standard_number,name,parent_id,path,fax,contact,phone,address,area_code,create_time,note,deep,type) values ('10010000000000000007','251010700000000000','城市-7','10010000000000000000','/10010000000000000000/10010000000000000007','02888888888','02888888888','02888888888','sc-smartvision','610006','1368066067374','系统测试','2','0');
insert into sv_organ (id,standard_number,name,parent_id,path,fax,contact,phone,address,area_code,create_time,note,deep,type) values ('10010000000000000008','251010800000000000','城市-8','10010000000000000000','/10010000000000000000/10010000000000000008','02888888888','02888888888','02888888888','sc-smartvision','610007','1368066067374','系统测试','2','0');
insert into sv_organ (id,standard_number,name,parent_id,path,fax,contact,phone,address,area_code,create_time,note,deep,type) values ('10010000000000000009','251010900000000000','城市-9','10010000000000000000','/10010000000000000000/10010000000000000009','02888888888','02888888888','02888888888','sc-smartvision','610008','1368066067374','系统测试','2','0');
insert into sv_organ (id,standard_number,name,parent_id,path,fax,contact,phone,address,area_code,create_time,note,deep,type) values ('10010000000000000010','251011000000000000','城市-10','10010000000000000000','/10010000000000000000/10010000000000000010','02888888888','02888888888','02888888888','sc-smartvision','610009','1368066067374','系统测试','2','0');

insert into sv_organ (id,standard_number,name,parent_id,path,fax,contact,phone,address,area_code,create_time,note,deep,type) values ('10010000000000000011','251010101100000000','高速-1','10010000000000000001','/10010000000000000000/10010000000000000001/10010000000000000011','02888888888','02888888888','02888888888','sc-smartvision','610009','1368066067374','系统测试','3','1');
insert into sv_organ (id,standard_number,name,parent_id,path,fax,contact,phone,address,area_code,create_time,note,deep,type) values ('10010000000000000012','251000002100000000','高速-2','10010000000000000001','/10010000000000000000/10010000000000000001/10010000000000000012','02888888888','02888888888','02888888888','sc-smartvision','610009','1368066067374','系统测试','3','1');
insert into sv_organ (id,standard_number,name,parent_id,path,fax,contact,phone,address,area_code,create_time,note,deep,type) values ('10010000000000000013','251000003100000000','高速-3','10010000000000000001','/10010000000000000000/10010000000000000001/10010000000000000013','02888888888','02888888888','02888888888','sc-smartvision','610009','1368066067374','系统测试','3','1');
insert into sv_organ (id,standard_number,name,parent_id,path,fax,contact,phone,address,area_code,create_time,note,deep,type) values ('10010000000000000014','251000004100000000','高速-4','10010000000000000001','/10010000000000000000/10010000000000000001/10010000000000000014','02888888888','02888888888','02888888888','sc-smartvision','610009','1368066067374','系统测试','3','1');
insert into sv_organ (id,standard_number,name,parent_id,path,fax,contact,phone,address,area_code,create_time,note,deep,type) values ('10010000000000000015','251000005100000000','高速-5','10010000000000000001','/10010000000000000000/10010000000000000001/10010000000000000015','02888888888','02888888888','02888888888','sc-smartvision','610009','1368066067374','系统测试','3','1');

insert into sv_organ (id,standard_number,name,parent_id,path,fax,contact,phone,address,area_code,create_time,note,deep,type) values ('10010000000000000016','251010206100000000','高速-6','10010000000000000002','/10010000000000000000/10010000000000000002/10010000000000000016','02888888888','02888888888','02888888888','sc-smartvision','610009','1368066067374','系统测试','3','1');
insert into sv_organ (id,standard_number,name,parent_id,path,fax,contact,phone,address,area_code,create_time,note,deep,type) values ('10010000000000000017','251010207100000000','高速-7','10010000000000000002','/10010000000000000000/10010000000000000002/10010000000000000017','02888888888','02888888888','02888888888','sc-smartvision','610009','1368066067374','系统测试','3','1');
insert into sv_organ (id,standard_number,name,parent_id,path,fax,contact,phone,address,area_code,create_time,note,deep,type) values ('10010000000000000018','251010208100000000','高速-8','10010000000000000002','/10010000000000000000/10010000000000000002/10010000000000000018','02888888888','02888888888','02888888888','sc-smartvision','610009','1368066067374','系统测试','3','1');
insert into sv_organ (id,standard_number,name,parent_id,path,fax,contact,phone,address,area_code,create_time,note,deep,type) values ('10010000000000000019','251010209100000000','高速-9','10010000000000000002','/10010000000000000000/10010000000000000002/10010000000000000019','02888888888','02888888888','02888888888','sc-smartvision','610009','1368066067374','系统测试','3','1');
insert into sv_organ (id,standard_number,name,parent_id,path,fax,contact,phone,address,area_code,create_time,note,deep,type) values ('10010000000000000020','251010210100000000','高速-10','10010000000000000002','/10010000000000000000/10010000000000000002/10010000000000000020','02888888888','02888888888','02888888888','sc-smartvision','610009','1368066067374','系统测试','3','1');

insert into sv_platform_server (id,name,type,standard_number,ccs_id,location,lan_ip,wan_ip,port,config_value,create_time) VALUES ('10060000000000000001','test_CCS',3,'251000000020000001',null,'安装位置','192.168.1.1','202.98.96.68','5060',null,1368066067374);

insert into sv_platform_server (id,name,type,standard_number,ccs_id,location,lan_ip,wan_ip,port,config_value,create_time) VALUES ('10060000000000000002','test_CRS',4,'251000000023000001','10060000000000000001','安装位置','192.168.1.2','202.98.96.69','5060',null,1368066067374);

insert into sv_platform_server (id,name,type,standard_number,ccs_id,location,lan_ip,wan_ip,port,config_value,create_time) VALUES ('10060000000000000003','test_MSS',5,'251000000021000001','10060000000000000001','安装位置','192.168.1.3','202.98.96.70','5060',null,1368066067374);

insert into sv_platform_server (id,name,type,standard_number,ccs_id,location,lan_ip,wan_ip,port,config_value,create_time) VALUES ('10060000000000000004','test_PTS',6,'251000000024000001','10060000000000000001','安装位置','192.168.1.4','202.98.96.71','5060',null,1368066067374);

insert into sv_platform_server (id,name,type,standard_number,ccs_id,location,lan_ip,wan_ip,port,config_value,create_time) VALUES ('10060000000000000005','test_DWS',7,'251000000040000001','10060000000000000001','安装位置','192.168.1.5','202.98.96.72','5060',null,1368066067374);

insert into sv_platform_server (id,name,type,standard_number,ccs_id,location,lan_ip,wan_ip,port,config_value,create_time) VALUES ('10060000000000000006','test_DAS',8,'251000000025000001','10060000000000000001','安装位置','192.168.1.6','202.98.96.73','5060',null,1368066067374);

insert into sv_device (id,standard_number,type,sub_type,name,parent_id,ccs_id,mss_id,pts_id,crs_id,transport,access_mode,max_connect,create_time,channel_number,organ_id,link_type,lan_ip,wan_ip,port,manufacturer_id,status,location,note,channel_amount,device_model_id) VALUES ('10030000000000000001','251010100001000001','1','01','DVR-1',null,'10060000000000000001',null,'10060000000000000004',null,'TCP','compatible',16,1368066067374,null,'10010000000000000001','adsl','192.168.10.1',null,'5060','1',1,'安装位置','系统测试',4,null);
insert into sv_device (id,standard_number,type,sub_type,name,parent_id,ccs_id,mss_id,pts_id,crs_id,transport,access_mode,max_connect,create_time,channel_number,organ_id,link_type,lan_ip,wan_ip,port,manufacturer_id,status,location,note,channel_amount,device_model_id) VALUES ('10030000000000000002','251010100001000002','1','01','DVR-2',null,'10060000000000000001',null,'10060000000000000004',null,'TCP','compatible',16,1368066067374,null,'10010000000000000001','adsl','192.168.10.1',null,'5060','1',1,'安装位置','系统测试',4,null);
insert into sv_device (id,standard_number,type,sub_type,name,parent_id,ccs_id,mss_id,pts_id,crs_id,transport,access_mode,max_connect,create_time,channel_number,organ_id,link_type,lan_ip,wan_ip,port,manufacturer_id,status,location,note,channel_amount,device_model_id) VALUES ('10030000000000000003','251010100001000003','1','01','DVR-3',null,'10060000000000000001',null,'10060000000000000004',null,'TCP','compatible',16,1368066067374,null,'10010000000000000001','adsl','192.168.10.1',null,'5060','1',1,'安装位置','系统测试',4,null);
insert into sv_device (id,standard_number,type,sub_type,name,parent_id,ccs_id,mss_id,pts_id,crs_id,transport,access_mode,max_connect,create_time,channel_number,organ_id,link_type,lan_ip,wan_ip,port,manufacturer_id,status,location,note,channel_amount,device_model_id) VALUES ('10030000000000000004','251010100001000004','1','01','DVR-4',null,'10060000000000000001',null,'10060000000000000004',null,'TCP','compatible',16,1368066067374,null,'10010000000000000001','adsl','192.168.10.1',null,'5060','1',1,'安装位置','系统测试',4,null);
insert into sv_device (id,standard_number,type,sub_type,name,parent_id,ccs_id,mss_id,pts_id,crs_id,transport,access_mode,max_connect,create_time,channel_number,organ_id,link_type,lan_ip,wan_ip,port,manufacturer_id,status,location,note,channel_amount,device_model_id) VALUES ('10030000000000000005','251010100001000005','1','01','DVR-5',null,'10060000000000000001',null,'10060000000000000004',null,'TCP','compatible',16,1368066067374,null,'10010000000000000001','adsl','192.168.10.1',null,'5060','1',1,'安装位置','系统测试',4,null);
insert into sv_device (id,standard_number,type,sub_type,name,parent_id,ccs_id,mss_id,pts_id,crs_id,transport,access_mode,max_connect,create_time,channel_number,organ_id,link_type,lan_ip,wan_ip,port,manufacturer_id,status,location,note,channel_amount,device_model_id) VALUES ('10030000000000000006','251010100001000006','1','01','DVR-6',null,'10060000000000000001',null,'10060000000000000004',null,'TCP','compatible',16,1368066067374,null,'10010000000000000001','adsl','192.168.10.1',null,'5060','1',1,'安装位置','系统测试',4,null);
insert into sv_device (id,standard_number,type,sub_type,name,parent_id,ccs_id,mss_id,pts_id,crs_id,transport,access_mode,max_connect,create_time,channel_number,organ_id,link_type,lan_ip,wan_ip,port,manufacturer_id,status,location,note,channel_amount,device_model_id) VALUES ('10030000000000000007','251010100001000007','1','01','DVR-7',null,'10060000000000000001',null,'10060000000000000004',null,'TCP','compatible',16,1368066067374,null,'10010000000000000001','adsl','192.168.10.1',null,'5060','1',1,'安装位置','系统测试',4,null);
insert into sv_device (id,standard_number,type,sub_type,name,parent_id,ccs_id,mss_id,pts_id,crs_id,transport,access_mode,max_connect,create_time,channel_number,organ_id,link_type,lan_ip,wan_ip,port,manufacturer_id,status,location,note,channel_amount,device_model_id) VALUES ('10030000000000000008','251010100001000008','1','01','DVR-8',null,'10060000000000000001',null,'10060000000000000004',null,'TCP','compatible',16,1368066067374,null,'10010000000000000001','adsl','192.168.10.1',null,'5060','1',1,'安装位置','系统测试',4,null);
insert into sv_device (id,standard_number,type,sub_type,name,parent_id,ccs_id,mss_id,pts_id,crs_id,transport,access_mode,max_connect,create_time,channel_number,organ_id,link_type,lan_ip,wan_ip,port,manufacturer_id,status,location,note,channel_amount,device_model_id) VALUES ('10030000000000000009','251010100001000009','1','01','DVR-9',null,'10060000000000000001',null,'10060000000000000004',null,'TCP','compatible',16,1368066067374,null,'10010000000000000001','adsl','192.168.10.1',null,'5060','1',1,'安装位置','系统测试',4,null);
insert into sv_device (id,standard_number,type,sub_type,name,parent_id,ccs_id,mss_id,pts_id,crs_id,transport,access_mode,max_connect,create_time,channel_number,organ_id,link_type,lan_ip,wan_ip,port,manufacturer_id,status,location,note,channel_amount,device_model_id) VALUES ('10030000000000000010','251010100001000010','1','01','DVR-10',null,'10060000000000000001',null,'10060000000000000004',null,'TCP','compatible',16,1368066067374,null,'10010000000000000001','adsl','192.168.10.1',null,'5060','1',1,'安装位置','系统测试',4,null);

insert into sv_video_device_property (id,user_name,password,heart_cycle,protocol,stream_type,store_type,local_store_plan,center_store_plan,expand,image_id) VALUES ('10030000000000000001','admin','123456',120,'haikang','4CIF',null,null,null,null,null);
insert into sv_video_device_property (id,user_name,password,heart_cycle,protocol,stream_type,store_type,local_store_plan,center_store_plan,expand,image_id) VALUES ('10030000000000000002','admin','123456',120,'haikang','4CIF',null,null,null,null,null);
insert into sv_video_device_property (id,user_name,password,heart_cycle,protocol,stream_type,store_type,local_store_plan,center_store_plan,expand,image_id) VALUES ('10030000000000000003','admin','123456',120,'haikang','4CIF',null,null,null,null,null);
insert into sv_video_device_property (id,user_name,password,heart_cycle,protocol,stream_type,store_type,local_store_plan,center_store_plan,expand,image_id) VALUES ('10030000000000000004','admin','123456',120,'haikang','4CIF',null,null,null,null,null);
insert into sv_video_device_property (id,user_name,password,heart_cycle,protocol,stream_type,store_type,local_store_plan,center_store_plan,expand,image_id) VALUES ('10030000000000000005','admin','123456',120,'haikang','4CIF',null,null,null,null,null);
insert into sv_video_device_property (id,user_name,password,heart_cycle,protocol,stream_type,store_type,local_store_plan,center_store_plan,expand,image_id) VALUES ('10030000000000000006','admin','123456',120,'haikang','4CIF',null,null,null,null,null);
insert into sv_video_device_property (id,user_name,password,heart_cycle,protocol,stream_type,store_type,local_store_plan,center_store_plan,expand,image_id) VALUES ('10030000000000000007','admin','123456',120,'haikang','4CIF',null,null,null,null,null);
insert into sv_video_device_property (id,user_name,password,heart_cycle,protocol,stream_type,store_type,local_store_plan,center_store_plan,expand,image_id) VALUES ('10030000000000000008','admin','123456',120,'haikang','4CIF',null,null,null,null,null);
insert into sv_video_device_property (id,user_name,password,heart_cycle,protocol,stream_type,store_type,local_store_plan,center_store_plan,expand,image_id) VALUES ('10030000000000000009','admin','123456',120,'haikang','4CIF',null,null,null,null,null);
insert into sv_video_device_property (id,user_name,password,heart_cycle,protocol,stream_type,store_type,local_store_plan,center_store_plan,expand,image_id) VALUES ('10030000000000000010','admin','123456',120,'haikang','4CIF',null,null,null,null,null);

insert into sv_device (id,standard_number,type,sub_type,name,parent_id,ccs_id,mss_id,pts_id,crs_id,transport,access_mode,max_connect,create_time,channel_number,organ_id,link_type,lan_ip,wan_ip,port,manufacturer_id,status,location,note,channel_amount,device_model_id) VALUES ('10030000000000000011','251010200001000011','1','01','DVR-11',null,'10060000000000000001',null,'10060000000000000004',null,'TCP','compatible',16,1368066067374,null,'10010000000000000002','adsl','192.168.10.1',null,'5060','1',1,'安装位置','系统测试',4,null);
insert into sv_device (id,standard_number,type,sub_type,name,parent_id,ccs_id,mss_id,pts_id,crs_id,transport,access_mode,max_connect,create_time,channel_number,organ_id,link_type,lan_ip,wan_ip,port,manufacturer_id,status,location,note,channel_amount,device_model_id) VALUES ('10030000000000000012','251010200001000012','1','01','DVR-12',null,'10060000000000000001',null,'10060000000000000004',null,'TCP','compatible',16,1368066067374,null,'10010000000000000002','adsl','192.168.10.1',null,'5060','1',1,'安装位置','系统测试',4,null);
insert into sv_device (id,standard_number,type,sub_type,name,parent_id,ccs_id,mss_id,pts_id,crs_id,transport,access_mode,max_connect,create_time,channel_number,organ_id,link_type,lan_ip,wan_ip,port,manufacturer_id,status,location,note,channel_amount,device_model_id) VALUES ('10030000000000000013','251010200001000013','1','01','DVR-13',null,'10060000000000000001',null,'10060000000000000004',null,'TCP','compatible',16,1368066067374,null,'10010000000000000002','adsl','192.168.10.1',null,'5060','1',1,'安装位置','系统测试',4,null);
insert into sv_device (id,standard_number,type,sub_type,name,parent_id,ccs_id,mss_id,pts_id,crs_id,transport,access_mode,max_connect,create_time,channel_number,organ_id,link_type,lan_ip,wan_ip,port,manufacturer_id,status,location,note,channel_amount,device_model_id) VALUES ('10030000000000000014','251010200001000014','1','01','DVR-14',null,'10060000000000000001',null,'10060000000000000004',null,'TCP','compatible',16,1368066067374,null,'10010000000000000002','adsl','192.168.10.1',null,'5060','1',1,'安装位置','系统测试',4,null);
insert into sv_device (id,standard_number,type,sub_type,name,parent_id,ccs_id,mss_id,pts_id,crs_id,transport,access_mode,max_connect,create_time,channel_number,organ_id,link_type,lan_ip,wan_ip,port,manufacturer_id,status,location,note,channel_amount,device_model_id) VALUES ('10030000000000000015','251010200001000015','1','01','DVR-15',null,'10060000000000000001',null,'10060000000000000004',null,'TCP','compatible',16,1368066067374,null,'10010000000000000002','adsl','192.168.10.1',null,'5060','1',1,'安装位置','系统测试',4,null);
insert into sv_device (id,standard_number,type,sub_type,name,parent_id,ccs_id,mss_id,pts_id,crs_id,transport,access_mode,max_connect,create_time,channel_number,organ_id,link_type,lan_ip,wan_ip,port,manufacturer_id,status,location,note,channel_amount,device_model_id) VALUES ('10030000000000000016','251010200001000016','1','01','DVR-16',null,'10060000000000000001',null,'10060000000000000004',null,'TCP','compatible',16,1368066067374,null,'10010000000000000002','adsl','192.168.10.1',null,'5060','1',1,'安装位置','系统测试',8,null);
insert into sv_device (id,standard_number,type,sub_type,name,parent_id,ccs_id,mss_id,pts_id,crs_id,transport,access_mode,max_connect,create_time,channel_number,organ_id,link_type,lan_ip,wan_ip,port,manufacturer_id,status,location,note,channel_amount,device_model_id) VALUES ('10030000000000000017','251010200001000017','1','01','DVR-17',null,'10060000000000000001',null,'10060000000000000004',null,'TCP','compatible',16,1368066067374,null,'10010000000000000002','adsl','192.168.10.1',null,'5060','1',1,'安装位置','系统测试',8,null);
insert into sv_device (id,standard_number,type,sub_type,name,parent_id,ccs_id,mss_id,pts_id,crs_id,transport,access_mode,max_connect,create_time,channel_number,organ_id,link_type,lan_ip,wan_ip,port,manufacturer_id,status,location,note,channel_amount,device_model_id) VALUES ('10030000000000000018','251010200001000018','1','01','DVR-18',null,'10060000000000000001',null,'10060000000000000004',null,'TCP','compatible',16,1368066067374,null,'10010000000000000002','adsl','192.168.10.1',null,'5060','1',1,'安装位置','系统测试',8,null);
insert into sv_device (id,standard_number,type,sub_type,name,parent_id,ccs_id,mss_id,pts_id,crs_id,transport,access_mode,max_connect,create_time,channel_number,organ_id,link_type,lan_ip,wan_ip,port,manufacturer_id,status,location,note,channel_amount,device_model_id) VALUES ('10030000000000000019','251010200001000019','1','01','DVR-19',null,'10060000000000000001',null,'10060000000000000004',null,'TCP','compatible',16,1368066067374,null,'10010000000000000002','adsl','192.168.10.1',null,'5060','1',1,'安装位置','系统测试',8,null);
insert into sv_device (id,standard_number,type,sub_type,name,parent_id,ccs_id,mss_id,pts_id,crs_id,transport,access_mode,max_connect,create_time,channel_number,organ_id,link_type,lan_ip,wan_ip,port,manufacturer_id,status,location,note,channel_amount,device_model_id) VALUES ('10030000000000000020','251010200001000020','1','01','DVR-20',null,'10060000000000000001',null,'10060000000000000004',null,'TCP','compatible',16,1368066067374,null,'10010000000000000002','adsl','192.168.10.1',null,'5060','1',1,'安装位置','系统测试',8,null);

insert into sv_video_device_property (id,user_name,password,heart_cycle,protocol,stream_type,store_type,local_store_plan,center_store_plan,expand,image_id) VALUES ('10030000000000000011','admin','123456',120,'haikang','4CIF',null,null,null,null,null);
insert into sv_video_device_property (id,user_name,password,heart_cycle,protocol,stream_type,store_type,local_store_plan,center_store_plan,expand,image_id) VALUES ('10030000000000000012','admin','123456',120,'haikang','4CIF',null,null,null,null,null);
insert into sv_video_device_property (id,user_name,password,heart_cycle,protocol,stream_type,store_type,local_store_plan,center_store_plan,expand,image_id) VALUES ('10030000000000000013','admin','123456',120,'haikang','4CIF',null,null,null,null,null);
insert into sv_video_device_property (id,user_name,password,heart_cycle,protocol,stream_type,store_type,local_store_plan,center_store_plan,expand,image_id) VALUES ('10030000000000000014','admin','123456',120,'haikang','4CIF',null,null,null,null,null);
insert into sv_video_device_property (id,user_name,password,heart_cycle,protocol,stream_type,store_type,local_store_plan,center_store_plan,expand,image_id) VALUES ('10030000000000000015','admin','123456',120,'haikang','4CIF',null,null,null,null,null);
insert into sv_video_device_property (id,user_name,password,heart_cycle,protocol,stream_type,store_type,local_store_plan,center_store_plan,expand,image_id) VALUES ('10030000000000000016','admin','123456',120,'haikang','4CIF',null,null,null,null,null);
insert into sv_video_device_property (id,user_name,password,heart_cycle,protocol,stream_type,store_type,local_store_plan,center_store_plan,expand,image_id) VALUES ('10030000000000000017','admin','123456',120,'haikang','4CIF',null,null,null,null,null);
insert into sv_video_device_property (id,user_name,password,heart_cycle,protocol,stream_type,store_type,local_store_plan,center_store_plan,expand,image_id) VALUES ('10030000000000000018','admin','123456',120,'haikang','4CIF',null,null,null,null,null);
insert into sv_video_device_property (id,user_name,password,heart_cycle,protocol,stream_type,store_type,local_store_plan,center_store_plan,expand,image_id) VALUES ('10030000000000000019','admin','123456',120,'haikang','4CIF',null,null,null,null,null);
insert into sv_video_device_property (id,user_name,password,heart_cycle,protocol,stream_type,store_type,local_store_plan,center_store_plan,expand,image_id) VALUES ('10030000000000000020','admin','123456',120,'haikang','4CIF',null,null,null,null,null);

insert into sv_device (id,standard_number,type,sub_type,name,parent_id,ccs_id,mss_id,pts_id,crs_id,transport,access_mode,max_connect,create_time,channel_number,organ_id,link_type,lan_ip,wan_ip,port,manufacturer_id,status,location,note,channel_amount,device_model_id) VALUES ('10040000000000000001','251010100003000001','2','04','Camera-1','10030000000000000001',null,'10060000000000000003',null,'10060000000000000002',null,null,null,1368066067374,1,'10010000000000000001',null,null,null,null,'1',1,'安装位置','系统测试',null,null);
insert into sv_device (id,standard_number,type,sub_type,name,parent_id,ccs_id,mss_id,pts_id,crs_id,transport,access_mode,max_connect,create_time,channel_number,organ_id,link_type,lan_ip,wan_ip,port,manufacturer_id,status,location,note,channel_amount,device_model_id) VALUES ('10040000000000000002','251010100003000002','2','04','Camera-2','10030000000000000001',null,'10060000000000000003',null,'10060000000000000002',null,null,null,1368066067374,2,'10010000000000000001',null,null,null,null,'1',1,'安装位置','系统测试',null,null);
insert into sv_device (id,standard_number,type,sub_type,name,parent_id,ccs_id,mss_id,pts_id,crs_id,transport,access_mode,max_connect,create_time,channel_number,organ_id,link_type,lan_ip,wan_ip,port,manufacturer_id,status,location,note,channel_amount,device_model_id) VALUES ('10040000000000000003','251010100003000003','2','04','Camera-3','10030000000000000001',null,'10060000000000000003',null,'10060000000000000002',null,null,null,1368066067374,3,'10010000000000000001',null,null,null,null,'1',1,'安装位置','系统测试',null,null);
insert into sv_device (id,standard_number,type,sub_type,name,parent_id,ccs_id,mss_id,pts_id,crs_id,transport,access_mode,max_connect,create_time,channel_number,organ_id,link_type,lan_ip,wan_ip,port,manufacturer_id,status,location,note,channel_amount,device_model_id) VALUES ('10040000000000000004','251010100003000004','2','04','Camera-4','10030000000000000001',null,'10060000000000000003',null,'10060000000000000002',null,null,null,1368066067374,4,'10010000000000000001',null,null,null,null,'1',1,'安装位置','系统测试',null,null);

insert into sv_device (id,standard_number,type,sub_type,name,parent_id,ccs_id,mss_id,pts_id,crs_id,transport,access_mode,max_connect,create_time,channel_number,organ_id,link_type,lan_ip,wan_ip,port,manufacturer_id,status,location,note,channel_amount,device_model_id) VALUES ('10040000000000000005','251010100003000005','2','04','Camera-5','10030000000000000002',null,'10060000000000000003',null,'10060000000000000002',null,null,null,1368066067374,1,'10010000000000000001',null,null,null,null,'1',1,'安装位置','系统测试',null,null);
insert into sv_device (id,standard_number,type,sub_type,name,parent_id,ccs_id,mss_id,pts_id,crs_id,transport,access_mode,max_connect,create_time,channel_number,organ_id,link_type,lan_ip,wan_ip,port,manufacturer_id,status,location,note,channel_amount,device_model_id) VALUES ('10040000000000000006','251010100003000006','2','04','Camera-6','10030000000000000002',null,'10060000000000000003',null,'10060000000000000002',null,null,null,1368066067374,2,'10010000000000000001',null,null,null,null,'1',1,'安装位置','系统测试',null,null);
insert into sv_device (id,standard_number,type,sub_type,name,parent_id,ccs_id,mss_id,pts_id,crs_id,transport,access_mode,max_connect,create_time,channel_number,organ_id,link_type,lan_ip,wan_ip,port,manufacturer_id,status,location,note,channel_amount,device_model_id) VALUES ('10040000000000000007','251010100003000007','2','04','Camera-7','10030000000000000002',null,'10060000000000000003',null,'10060000000000000002',null,null,null,1368066067374,3,'10010000000000000001',null,null,null,null,'1',1,'安装位置','系统测试',null,null);
insert into sv_device (id,standard_number,type,sub_type,name,parent_id,ccs_id,mss_id,pts_id,crs_id,transport,access_mode,max_connect,create_time,channel_number,organ_id,link_type,lan_ip,wan_ip,port,manufacturer_id,status,location,note,channel_amount,device_model_id) VALUES ('10040000000000000008','251010100003000008','2','04','Camera-8','10030000000000000002',null,'10060000000000000003',null,'10060000000000000002',null,null,null,1368066067374,4,'10010000000000000001',null,null,null,null,'1',1,'安装位置','系统测试',null,null);

insert into sv_device (id,standard_number,type,sub_type,name,parent_id,ccs_id,mss_id,pts_id,crs_id,transport,access_mode,max_connect,create_time,channel_number,organ_id,link_type,lan_ip,wan_ip,port,manufacturer_id,status,location,note,channel_amount,device_model_id) VALUES ('10040000000000000009','251010100003000009','2','04','Camera-9','10030000000000000003',null,'10060000000000000003',null,'10060000000000000002',null,null,null,1368066067374,1,'10010000000000000001',null,null,null,null,'1',1,'安装位置','系统测试',null,null);
insert into sv_device (id,standard_number,type,sub_type,name,parent_id,ccs_id,mss_id,pts_id,crs_id,transport,access_mode,max_connect,create_time,channel_number,organ_id,link_type,lan_ip,wan_ip,port,manufacturer_id,status,location,note,channel_amount,device_model_id) VALUES ('10040000000000000010','251010100003000010','2','04','Camera-10','10030000000000000003',null,'10060000000000000003',null,'10060000000000000002',null,null,null,1368066067374,2,'10010000000000000001',null,null,null,null,'1',1,'安装位置','系统测试',null,null);
insert into sv_device (id,standard_number,type,sub_type,name,parent_id,ccs_id,mss_id,pts_id,crs_id,transport,access_mode,max_connect,create_time,channel_number,organ_id,link_type,lan_ip,wan_ip,port,manufacturer_id,status,location,note,channel_amount,device_model_id) VALUES ('10040000000000000011','251010100003000011','2','04','Camera-11','10030000000000000003',null,'10060000000000000003',null,'10060000000000000002',null,null,null,1368066067374,3,'10010000000000000001',null,null,null,null,'1',1,'安装位置','系统测试',null,null);
insert into sv_device (id,standard_number,type,sub_type,name,parent_id,ccs_id,mss_id,pts_id,crs_id,transport,access_mode,max_connect,create_time,channel_number,organ_id,link_type,lan_ip,wan_ip,port,manufacturer_id,status,location,note,channel_amount,device_model_id) VALUES ('10040000000000000012','251010100003000012','2','04','Camera-12','10030000000000000003',null,'10060000000000000003',null,'10060000000000000002',null,null,null,1368066067374,4,'10010000000000000001',null,null,null,null,'1',1,'安装位置','系统测试',null,null);

insert into sv_device (id,standard_number,type,sub_type,name,parent_id,ccs_id,mss_id,pts_id,crs_id,transport,access_mode,max_connect,create_time,channel_number,organ_id,link_type,lan_ip,wan_ip,port,manufacturer_id,status,location,note,channel_amount,device_model_id) VALUES ('10040000000000000013','251010100003000013','2','04','Camera-13','10030000000000000004',null,'10060000000000000003',null,'10060000000000000002',null,null,null,1368066067374,1,'10010000000000000001',null,null,null,null,'1',1,'安装位置','系统测试',null,null);
insert into sv_device (id,standard_number,type,sub_type,name,parent_id,ccs_id,mss_id,pts_id,crs_id,transport,access_mode,max_connect,create_time,channel_number,organ_id,link_type,lan_ip,wan_ip,port,manufacturer_id,status,location,note,channel_amount,device_model_id) VALUES ('10040000000000000014','251010100003000014','2','04','Camera-14','10030000000000000004',null,'10060000000000000003',null,'10060000000000000002',null,null,null,1368066067374,2,'10010000000000000001',null,null,null,null,'1',1,'安装位置','系统测试',null,null);
insert into sv_device (id,standard_number,type,sub_type,name,parent_id,ccs_id,mss_id,pts_id,crs_id,transport,access_mode,max_connect,create_time,channel_number,organ_id,link_type,lan_ip,wan_ip,port,manufacturer_id,status,location,note,channel_amount,device_model_id) VALUES ('10040000000000000015','251010100003000015','2','04','Camera-15','10030000000000000004',null,'10060000000000000003',null,'10060000000000000002',null,null,null,1368066067374,3,'10010000000000000001',null,null,null,null,'1',1,'安装位置','系统测试',null,null);
insert into sv_device (id,standard_number,type,sub_type,name,parent_id,ccs_id,mss_id,pts_id,crs_id,transport,access_mode,max_connect,create_time,channel_number,organ_id,link_type,lan_ip,wan_ip,port,manufacturer_id,status,location,note,channel_amount,device_model_id) VALUES ('10040000000000000016','251010100003000016','2','04','Camera-16','10030000000000000004',null,'10060000000000000003',null,'10060000000000000002',null,null,null,1368066067374,4,'10010000000000000001',null,null,null,null,'1',1,'安装位置','系统测试',null,null);

insert into sv_device (id,standard_number,type,sub_type,name,parent_id,ccs_id,mss_id,pts_id,crs_id,transport,access_mode,max_connect,create_time,channel_number,organ_id,link_type,lan_ip,wan_ip,port,manufacturer_id,status,location,note,channel_amount,device_model_id) VALUES ('10040000000000000017','251010100003000017','2','04','Camera-17','10030000000000000005',null,'10060000000000000003',null,'10060000000000000002',null,null,null,1368066067374,1,'10010000000000000001',null,null,null,null,'1',1,'安装位置','系统测试',null,null);
insert into sv_device (id,standard_number,type,sub_type,name,parent_id,ccs_id,mss_id,pts_id,crs_id,transport,access_mode,max_connect,create_time,channel_number,organ_id,link_type,lan_ip,wan_ip,port,manufacturer_id,status,location,note,channel_amount,device_model_id) VALUES ('10040000000000000018','251010100003000018','2','04','Camera-18','10030000000000000005',null,'10060000000000000003',null,'10060000000000000002',null,null,null,1368066067374,2,'10010000000000000001',null,null,null,null,'1',1,'安装位置','系统测试',null,null);
insert into sv_device (id,standard_number,type,sub_type,name,parent_id,ccs_id,mss_id,pts_id,crs_id,transport,access_mode,max_connect,create_time,channel_number,organ_id,link_type,lan_ip,wan_ip,port,manufacturer_id,status,location,note,channel_amount,device_model_id) VALUES ('10040000000000000019','251010100003000019','2','04','Camera-19','10030000000000000005',null,'10060000000000000003',null,'10060000000000000002',null,null,null,1368066067374,3,'10010000000000000001',null,null,null,null,'1',1,'安装位置','系统测试',null,null);
insert into sv_device (id,standard_number,type,sub_type,name,parent_id,ccs_id,mss_id,pts_id,crs_id,transport,access_mode,max_connect,create_time,channel_number,organ_id,link_type,lan_ip,wan_ip,port,manufacturer_id,status,location,note,channel_amount,device_model_id) VALUES ('10040000000000000020','251010100003000020','2','04','Camera-20','10030000000000000005',null,'10060000000000000003',null,'10060000000000000002',null,null,null,1368066067374,4,'10010000000000000001',null,null,null,null,'1',1,'安装位置','系统测试',null,null);

insert into sv_device (id,standard_number,type,sub_type,name,parent_id,ccs_id,mss_id,pts_id,crs_id,transport,access_mode,max_connect,create_time,channel_number,organ_id,link_type,lan_ip,wan_ip,port,manufacturer_id,status,location,note,channel_amount,device_model_id) VALUES ('10040000000000000021','251010100003000021','2','04','Camera-21','10030000000000000006',null,'10060000000000000003',null,'10060000000000000002',null,null,null,1368066067374,1,'10010000000000000001',null,null,null,null,'1',1,'安装位置','系统测试',null,null);
insert into sv_device (id,standard_number,type,sub_type,name,parent_id,ccs_id,mss_id,pts_id,crs_id,transport,access_mode,max_connect,create_time,channel_number,organ_id,link_type,lan_ip,wan_ip,port,manufacturer_id,status,location,note,channel_amount,device_model_id) VALUES ('10040000000000000022','251010100003000022','2','04','Camera-22','10030000000000000006',null,'10060000000000000003',null,'10060000000000000002',null,null,null,1368066067374,2,'10010000000000000001',null,null,null,null,'1',1,'安装位置','系统测试',null,null);
insert into sv_device (id,standard_number,type,sub_type,name,parent_id,ccs_id,mss_id,pts_id,crs_id,transport,access_mode,max_connect,create_time,channel_number,organ_id,link_type,lan_ip,wan_ip,port,manufacturer_id,status,location,note,channel_amount,device_model_id) VALUES ('10040000000000000023','251010100003000023','2','04','Camera-23','10030000000000000006',null,'10060000000000000003',null,'10060000000000000002',null,null,null,1368066067374,3,'10010000000000000001',null,null,null,null,'1',1,'安装位置','系统测试',null,null);
insert into sv_device (id,standard_number,type,sub_type,name,parent_id,ccs_id,mss_id,pts_id,crs_id,transport,access_mode,max_connect,create_time,channel_number,organ_id,link_type,lan_ip,wan_ip,port,manufacturer_id,status,location,note,channel_amount,device_model_id) VALUES ('10040000000000000024','251010100003000024','2','04','Camera-24','10030000000000000006',null,'10060000000000000003',null,'10060000000000000002',null,null,null,1368066067374,4,'10010000000000000001',null,null,null,null,'1',1,'安装位置','系统测试',null,null);

insert into sv_device (id,standard_number,type,sub_type,name,parent_id,ccs_id,mss_id,pts_id,crs_id,transport,access_mode,max_connect,create_time,channel_number,organ_id,link_type,lan_ip,wan_ip,port,manufacturer_id,status,location,note,channel_amount,device_model_id) VALUES ('10040000000000000025','251010100003000025','2','04','Camera-25','10030000000000000007',null,'10060000000000000003',null,'10060000000000000002',null,null,null,1368066067374,1,'10010000000000000001',null,null,null,null,'1',1,'安装位置','系统测试',null,null);
insert into sv_device (id,standard_number,type,sub_type,name,parent_id,ccs_id,mss_id,pts_id,crs_id,transport,access_mode,max_connect,create_time,channel_number,organ_id,link_type,lan_ip,wan_ip,port,manufacturer_id,status,location,note,channel_amount,device_model_id) VALUES ('10040000000000000026','251010100003000026','2','04','Camera-26','10030000000000000007',null,'10060000000000000003',null,'10060000000000000002',null,null,null,1368066067374,2,'10010000000000000001',null,null,null,null,'1',1,'安装位置','系统测试',null,null);
insert into sv_device (id,standard_number,type,sub_type,name,parent_id,ccs_id,mss_id,pts_id,crs_id,transport,access_mode,max_connect,create_time,channel_number,organ_id,link_type,lan_ip,wan_ip,port,manufacturer_id,status,location,note,channel_amount,device_model_id) VALUES ('10040000000000000027','251010100003000027','2','04','Camera-27','10030000000000000007',null,'10060000000000000003',null,'10060000000000000002',null,null,null,1368066067374,3,'10010000000000000001',null,null,null,null,'1',1,'安装位置','系统测试',null,null);
insert into sv_device (id,standard_number,type,sub_type,name,parent_id,ccs_id,mss_id,pts_id,crs_id,transport,access_mode,max_connect,create_time,channel_number,organ_id,link_type,lan_ip,wan_ip,port,manufacturer_id,status,location,note,channel_amount,device_model_id) VALUES ('10040000000000000028','251010100003000028','2','04','Camera-28','10030000000000000007',null,'10060000000000000003',null,'10060000000000000002',null,null,null,1368066067374,4,'10010000000000000001',null,null,null,null,'1',1,'安装位置','系统测试',null,null);

insert into sv_device (id,standard_number,type,sub_type,name,parent_id,ccs_id,mss_id,pts_id,crs_id,transport,access_mode,max_connect,create_time,channel_number,organ_id,link_type,lan_ip,wan_ip,port,manufacturer_id,status,location,note,channel_amount,device_model_id) VALUES ('10040000000000000029','251010100003000029','2','04','Camera-29','10030000000000000008',null,'10060000000000000003',null,'10060000000000000002',null,null,null,1368066067374,1,'10010000000000000001',null,null,null,null,'1',1,'安装位置','系统测试',null,null);
insert into sv_device (id,standard_number,type,sub_type,name,parent_id,ccs_id,mss_id,pts_id,crs_id,transport,access_mode,max_connect,create_time,channel_number,organ_id,link_type,lan_ip,wan_ip,port,manufacturer_id,status,location,note,channel_amount,device_model_id) VALUES ('10040000000000000030','251010100003000030','2','04','Camera-30','10030000000000000008',null,'10060000000000000003',null,'10060000000000000002',null,null,null,1368066067374,2,'10010000000000000001',null,null,null,null,'1',1,'安装位置','系统测试',null,null);
insert into sv_device (id,standard_number,type,sub_type,name,parent_id,ccs_id,mss_id,pts_id,crs_id,transport,access_mode,max_connect,create_time,channel_number,organ_id,link_type,lan_ip,wan_ip,port,manufacturer_id,status,location,note,channel_amount,device_model_id) VALUES ('10040000000000000031','251010100003000031','2','04','Camera-31','10030000000000000008',null,'10060000000000000003',null,'10060000000000000002',null,null,null,1368066067374,3,'10010000000000000001',null,null,null,null,'1',1,'安装位置','系统测试',null,null);
insert into sv_device (id,standard_number,type,sub_type,name,parent_id,ccs_id,mss_id,pts_id,crs_id,transport,access_mode,max_connect,create_time,channel_number,organ_id,link_type,lan_ip,wan_ip,port,manufacturer_id,status,location,note,channel_amount,device_model_id) VALUES ('10040000000000000032','251010100003000032','2','04','Camera-32','10030000000000000008',null,'10060000000000000003',null,'10060000000000000002',null,null,null,1368066067374,4,'10010000000000000001',null,null,null,null,'1',1,'安装位置','系统测试',null,null);

insert into sv_device (id,standard_number,type,sub_type,name,parent_id,ccs_id,mss_id,pts_id,crs_id,transport,access_mode,max_connect,create_time,channel_number,organ_id,link_type,lan_ip,wan_ip,port,manufacturer_id,status,location,note,channel_amount,device_model_id) VALUES ('10040000000000000033','251010100003000033','2','04','Camera-33','10030000000000000009',null,'10060000000000000003',null,'10060000000000000002',null,null,null,1368066067374,1,'10010000000000000001',null,null,null,null,'1',1,'安装位置','系统测试',null,null);
insert into sv_device (id,standard_number,type,sub_type,name,parent_id,ccs_id,mss_id,pts_id,crs_id,transport,access_mode,max_connect,create_time,channel_number,organ_id,link_type,lan_ip,wan_ip,port,manufacturer_id,status,location,note,channel_amount,device_model_id) VALUES ('10040000000000000034','251010100003000034','2','04','Camera-34','10030000000000000009',null,'10060000000000000003',null,'10060000000000000002',null,null,null,1368066067374,2,'10010000000000000001',null,null,null,null,'1',1,'安装位置','系统测试',null,null);
insert into sv_device (id,standard_number,type,sub_type,name,parent_id,ccs_id,mss_id,pts_id,crs_id,transport,access_mode,max_connect,create_time,channel_number,organ_id,link_type,lan_ip,wan_ip,port,manufacturer_id,status,location,note,channel_amount,device_model_id) VALUES ('10040000000000000035','251010100003000035','2','04','Camera-35','10030000000000000009',null,'10060000000000000003',null,'10060000000000000002',null,null,null,1368066067374,3,'10010000000000000001',null,null,null,null,'1',1,'安装位置','系统测试',null,null);
insert into sv_device (id,standard_number,type,sub_type,name,parent_id,ccs_id,mss_id,pts_id,crs_id,transport,access_mode,max_connect,create_time,channel_number,organ_id,link_type,lan_ip,wan_ip,port,manufacturer_id,status,location,note,channel_amount,device_model_id) VALUES ('10040000000000000036','251010100003000036','2','04','Camera-36','10030000000000000009',null,'10060000000000000003',null,'10060000000000000002',null,null,null,1368066067374,4,'10010000000000000001',null,null,null,null,'1',1,'安装位置','系统测试',null,null);

insert into sv_device (id,standard_number,type,sub_type,name,parent_id,ccs_id,mss_id,pts_id,crs_id,transport,access_mode,max_connect,create_time,channel_number,organ_id,link_type,lan_ip,wan_ip,port,manufacturer_id,status,location,note,channel_amount,device_model_id) VALUES ('10040000000000000037','251010100003000037','2','04','Camera-37','10030000000000000010',null,'10060000000000000003',null,'10060000000000000002',null,null,null,1368066067374,1,'10010000000000000001',null,null,null,null,'1',1,'安装位置','系统测试',null,null);
insert into sv_device (id,standard_number,type,sub_type,name,parent_id,ccs_id,mss_id,pts_id,crs_id,transport,access_mode,max_connect,create_time,channel_number,organ_id,link_type,lan_ip,wan_ip,port,manufacturer_id,status,location,note,channel_amount,device_model_id) VALUES ('10040000000000000038','251010100003000038','2','04','Camera-38','10030000000000000010',null,'10060000000000000003',null,'10060000000000000002',null,null,null,1368066067374,2,'10010000000000000001',null,null,null,null,'1',1,'安装位置','系统测试',null,null);
insert into sv_device (id,standard_number,type,sub_type,name,parent_id,ccs_id,mss_id,pts_id,crs_id,transport,access_mode,max_connect,create_time,channel_number,organ_id,link_type,lan_ip,wan_ip,port,manufacturer_id,status,location,note,channel_amount,device_model_id) VALUES ('10040000000000000039','251010100003000039','2','04','Camera-39','10030000000000000010',null,'10060000000000000003',null,'10060000000000000002',null,null,null,1368066067374,3,'10010000000000000001',null,null,null,null,'1',1,'安装位置','系统测试',null,null);
insert into sv_device (id,standard_number,type,sub_type,name,parent_id,ccs_id,mss_id,pts_id,crs_id,transport,access_mode,max_connect,create_time,channel_number,organ_id,link_type,lan_ip,wan_ip,port,manufacturer_id,status,location,note,channel_amount,device_model_id) VALUES ('10040000000000000040','251010100003000040','2','04','Camera-40','10030000000000000010',null,'10060000000000000003',null,'10060000000000000002',null,null,null,1368066067374,4,'10010000000000000001',null,null,null,null,'1',1,'安装位置','系统测试',null,null);

insert into sv_device (id,standard_number,type,sub_type,name,parent_id,ccs_id,mss_id,pts_id,crs_id,transport,access_mode,max_connect,create_time,channel_number,organ_id,link_type,lan_ip,wan_ip,port,manufacturer_id,status,location,note,channel_amount,device_model_id) VALUES ('10040000000000000041','251010200003000041','2','04','Camera-41','10030000000000000011',null,'10060000000000000003',null,'10060000000000000002',null,null,null,1368066067374,1,'10010000000000000002',null,null,null,null,'1',1,'安装位置','系统测试',null,null);
insert into sv_device (id,standard_number,type,sub_type,name,parent_id,ccs_id,mss_id,pts_id,crs_id,transport,access_mode,max_connect,create_time,channel_number,organ_id,link_type,lan_ip,wan_ip,port,manufacturer_id,status,location,note,channel_amount,device_model_id) VALUES ('10040000000000000042','251010200003000042','2','04','Camera-42','10030000000000000011',null,'10060000000000000003',null,'10060000000000000002',null,null,null,1368066067374,2,'10010000000000000002',null,null,null,null,'1',1,'安装位置','系统测试',null,null);
insert into sv_device (id,standard_number,type,sub_type,name,parent_id,ccs_id,mss_id,pts_id,crs_id,transport,access_mode,max_connect,create_time,channel_number,organ_id,link_type,lan_ip,wan_ip,port,manufacturer_id,status,location,note,channel_amount,device_model_id) VALUES ('10040000000000000043','251010200003000043','2','04','Camera-43','10030000000000000011',null,'10060000000000000003',null,'10060000000000000002',null,null,null,1368066067374,3,'10010000000000000002',null,null,null,null,'1',1,'安装位置','系统测试',null,null);
insert into sv_device (id,standard_number,type,sub_type,name,parent_id,ccs_id,mss_id,pts_id,crs_id,transport,access_mode,max_connect,create_time,channel_number,organ_id,link_type,lan_ip,wan_ip,port,manufacturer_id,status,location,note,channel_amount,device_model_id) VALUES ('10040000000000000044','251010200003000044','2','04','Camera-44','10030000000000000011',null,'10060000000000000003',null,'10060000000000000002',null,null,null,1368066067374,4,'10010000000000000002',null,null,null,null,'1',1,'安装位置','系统测试',null,null);

insert into sv_device (id,standard_number,type,sub_type,name,parent_id,ccs_id,mss_id,pts_id,crs_id,transport,access_mode,max_connect,create_time,channel_number,organ_id,link_type,lan_ip,wan_ip,port,manufacturer_id,status,location,note,channel_amount,device_model_id) VALUES ('10040000000000000045','251010200003000045','2','04','Camera-45','10030000000000000012',null,'10060000000000000003',null,'10060000000000000002',null,null,null,1368066067374,1,'10010000000000000002',null,null,null,null,'1',1,'安装位置','系统测试',null,null);
insert into sv_device (id,standard_number,type,sub_type,name,parent_id,ccs_id,mss_id,pts_id,crs_id,transport,access_mode,max_connect,create_time,channel_number,organ_id,link_type,lan_ip,wan_ip,port,manufacturer_id,status,location,note,channel_amount,device_model_id) VALUES ('10040000000000000046','251010200003000046','2','04','Camera-46','10030000000000000012',null,'10060000000000000003',null,'10060000000000000002',null,null,null,1368066067374,2,'10010000000000000002',null,null,null,null,'1',1,'安装位置','系统测试',null,null);
insert into sv_device (id,standard_number,type,sub_type,name,parent_id,ccs_id,mss_id,pts_id,crs_id,transport,access_mode,max_connect,create_time,channel_number,organ_id,link_type,lan_ip,wan_ip,port,manufacturer_id,status,location,note,channel_amount,device_model_id) VALUES ('10040000000000000047','251010200003000047','2','04','Camera-47','10030000000000000012',null,'10060000000000000003',null,'10060000000000000002',null,null,null,1368066067374,3,'10010000000000000002',null,null,null,null,'1',1,'安装位置','系统测试',null,null);
insert into sv_device (id,standard_number,type,sub_type,name,parent_id,ccs_id,mss_id,pts_id,crs_id,transport,access_mode,max_connect,create_time,channel_number,organ_id,link_type,lan_ip,wan_ip,port,manufacturer_id,status,location,note,channel_amount,device_model_id) VALUES ('10040000000000000048','251010200003000048','2','04','Camera-48','10030000000000000012',null,'10060000000000000003',null,'10060000000000000002',null,null,null,1368066067374,4,'10010000000000000002',null,null,null,null,'1',1,'安装位置','系统测试',null,null);

insert into sv_device (id,standard_number,type,sub_type,name,parent_id,ccs_id,mss_id,pts_id,crs_id,transport,access_mode,max_connect,create_time,channel_number,organ_id,link_type,lan_ip,wan_ip,port,manufacturer_id,status,location,note,channel_amount,device_model_id) VALUES ('10040000000000000049','251010200003000049','2','04','Camera-49','10030000000000000013',null,'10060000000000000003',null,'10060000000000000002',null,null,null,1368066067374,1,'10010000000000000002',null,null,null,null,'1',1,'安装位置','系统测试',null,null);
insert into sv_device (id,standard_number,type,sub_type,name,parent_id,ccs_id,mss_id,pts_id,crs_id,transport,access_mode,max_connect,create_time,channel_number,organ_id,link_type,lan_ip,wan_ip,port,manufacturer_id,status,location,note,channel_amount,device_model_id) VALUES ('10040000000000000050','251010200003000050','2','04','Camera-50','10030000000000000013',null,'10060000000000000003',null,'10060000000000000002',null,null,null,1368066067374,2,'10010000000000000002',null,null,null,null,'1',1,'安装位置','系统测试',null,null);
insert into sv_device (id,standard_number,type,sub_type,name,parent_id,ccs_id,mss_id,pts_id,crs_id,transport,access_mode,max_connect,create_time,channel_number,organ_id,link_type,lan_ip,wan_ip,port,manufacturer_id,status,location,note,channel_amount,device_model_id) VALUES ('10040000000000000051','251010200003000051','2','04','Camera-51','10030000000000000013',null,'10060000000000000003',null,'10060000000000000002',null,null,null,1368066067374,3,'10010000000000000002',null,null,null,null,'1',1,'安装位置','系统测试',null,null);
insert into sv_device (id,standard_number,type,sub_type,name,parent_id,ccs_id,mss_id,pts_id,crs_id,transport,access_mode,max_connect,create_time,channel_number,organ_id,link_type,lan_ip,wan_ip,port,manufacturer_id,status,location,note,channel_amount,device_model_id) VALUES ('10040000000000000052','251010200003000052','2','04','Camera-52','10030000000000000013',null,'10060000000000000003',null,'10060000000000000002',null,null,null,1368066067374,4,'10010000000000000002',null,null,null,null,'1',1,'安装位置','系统测试',null,null);

insert into sv_device (id,standard_number,type,sub_type,name,parent_id,ccs_id,mss_id,pts_id,crs_id,transport,access_mode,max_connect,create_time,channel_number,organ_id,link_type,lan_ip,wan_ip,port,manufacturer_id,status,location,note,channel_amount,device_model_id) VALUES ('10040000000000000053','251010200003000053','2','04','Camera-53','10030000000000000014',null,'10060000000000000003',null,'10060000000000000002',null,null,null,1368066067374,1,'10010000000000000002',null,null,null,null,'1',1,'安装位置','系统测试',null,null);
insert into sv_device (id,standard_number,type,sub_type,name,parent_id,ccs_id,mss_id,pts_id,crs_id,transport,access_mode,max_connect,create_time,channel_number,organ_id,link_type,lan_ip,wan_ip,port,manufacturer_id,status,location,note,channel_amount,device_model_id) VALUES ('10040000000000000054','251010200003000054','2','04','Camera-54','10030000000000000014',null,'10060000000000000003',null,'10060000000000000002',null,null,null,1368066067374,2,'10010000000000000002',null,null,null,null,'1',1,'安装位置','系统测试',null,null);
insert into sv_device (id,standard_number,type,sub_type,name,parent_id,ccs_id,mss_id,pts_id,crs_id,transport,access_mode,max_connect,create_time,channel_number,organ_id,link_type,lan_ip,wan_ip,port,manufacturer_id,status,location,note,channel_amount,device_model_id) VALUES ('10040000000000000055','251010200003000055','2','04','Camera-55','10030000000000000014',null,'10060000000000000003',null,'10060000000000000002',null,null,null,1368066067374,3,'10010000000000000002',null,null,null,null,'1',1,'安装位置','系统测试',null,null);
insert into sv_device (id,standard_number,type,sub_type,name,parent_id,ccs_id,mss_id,pts_id,crs_id,transport,access_mode,max_connect,create_time,channel_number,organ_id,link_type,lan_ip,wan_ip,port,manufacturer_id,status,location,note,channel_amount,device_model_id) VALUES ('10040000000000000056','251010200003000056','2','04','Camera-56','10030000000000000014',null,'10060000000000000003',null,'10060000000000000002',null,null,null,1368066067374,4,'10010000000000000002',null,null,null,null,'1',1,'安装位置','系统测试',null,null);

insert into sv_device (id,standard_number,type,sub_type,name,parent_id,ccs_id,mss_id,pts_id,crs_id,transport,access_mode,max_connect,create_time,channel_number,organ_id,link_type,lan_ip,wan_ip,port,manufacturer_id,status,location,note,channel_amount,device_model_id) VALUES ('10040000000000000057','251010200003000057','2','04','Camera-57','10030000000000000015',null,'10060000000000000003',null,'10060000000000000002',null,null,null,1368066067374,1,'10010000000000000002',null,null,null,null,'1',1,'安装位置','系统测试',null,null);
insert into sv_device (id,standard_number,type,sub_type,name,parent_id,ccs_id,mss_id,pts_id,crs_id,transport,access_mode,max_connect,create_time,channel_number,organ_id,link_type,lan_ip,wan_ip,port,manufacturer_id,status,location,note,channel_amount,device_model_id) VALUES ('10040000000000000058','251010200003000058','2','04','Camera-58','10030000000000000015',null,'10060000000000000003',null,'10060000000000000002',null,null,null,1368066067374,2,'10010000000000000002',null,null,null,null,'1',1,'安装位置','系统测试',null,null);
insert into sv_device (id,standard_number,type,sub_type,name,parent_id,ccs_id,mss_id,pts_id,crs_id,transport,access_mode,max_connect,create_time,channel_number,organ_id,link_type,lan_ip,wan_ip,port,manufacturer_id,status,location,note,channel_amount,device_model_id) VALUES ('10040000000000000059','251010200003000059','2','04','Camera-59','10030000000000000015',null,'10060000000000000003',null,'10060000000000000002',null,null,null,1368066067374,3,'10010000000000000002',null,null,null,null,'1',1,'安装位置','系统测试',null,null);
insert into sv_device (id,standard_number,type,sub_type,name,parent_id,ccs_id,mss_id,pts_id,crs_id,transport,access_mode,max_connect,create_time,channel_number,organ_id,link_type,lan_ip,wan_ip,port,manufacturer_id,status,location,note,channel_amount,device_model_id) VALUES ('10040000000000000060','251010200003000060','2','04','Camera-60','10030000000000000015',null,'10060000000000000003',null,'10060000000000000002',null,null,null,1368066067374,4,'10010000000000000002',null,null,null,null,'1',1,'安装位置','系统测试',null,null);

insert into sv_device (id,standard_number,type,sub_type,name,parent_id,ccs_id,mss_id,pts_id,crs_id,transport,access_mode,max_connect,create_time,channel_number,organ_id,link_type,lan_ip,wan_ip,port,manufacturer_id,status,location,note,channel_amount,device_model_id) VALUES ('10040000000000000061','251010200003000061','2','04','Camera-61','10030000000000000016',null,'10060000000000000003',null,'10060000000000000002',null,null,null,1368066067374,1,'10010000000000000002',null,null,null,null,'1',1,'安装位置','系统测试',null,null);
insert into sv_device (id,standard_number,type,sub_type,name,parent_id,ccs_id,mss_id,pts_id,crs_id,transport,access_mode,max_connect,create_time,channel_number,organ_id,link_type,lan_ip,wan_ip,port,manufacturer_id,status,location,note,channel_amount,device_model_id) VALUES ('10040000000000000062','251010200003000062','2','04','Camera-62','10030000000000000016',null,'10060000000000000003',null,'10060000000000000002',null,null,null,1368066067374,2,'10010000000000000002',null,null,null,null,'1',1,'安装位置','系统测试',null,null);
insert into sv_device (id,standard_number,type,sub_type,name,parent_id,ccs_id,mss_id,pts_id,crs_id,transport,access_mode,max_connect,create_time,channel_number,organ_id,link_type,lan_ip,wan_ip,port,manufacturer_id,status,location,note,channel_amount,device_model_id) VALUES ('10040000000000000063','251010200003000063','2','04','Camera-63','10030000000000000016',null,'10060000000000000003',null,'10060000000000000002',null,null,null,1368066067374,3,'10010000000000000002',null,null,null,null,'1',1,'安装位置','系统测试',null,null);
insert into sv_device (id,standard_number,type,sub_type,name,parent_id,ccs_id,mss_id,pts_id,crs_id,transport,access_mode,max_connect,create_time,channel_number,organ_id,link_type,lan_ip,wan_ip,port,manufacturer_id,status,location,note,channel_amount,device_model_id) VALUES ('10040000000000000064','251010200003000064','2','04','Camera-64','10030000000000000016',null,'10060000000000000003',null,'10060000000000000002',null,null,null,1368066067374,4,'10010000000000000002',null,null,null,null,'1',1,'安装位置','系统测试',null,null);
insert into sv_device (id,standard_number,type,sub_type,name,parent_id,ccs_id,mss_id,pts_id,crs_id,transport,access_mode,max_connect,create_time,channel_number,organ_id,link_type,lan_ip,wan_ip,port,manufacturer_id,status,location,note,channel_amount,device_model_id) VALUES ('10040000000000000065','251010200003000065','2','04','Camera-65','10030000000000000016',null,'10060000000000000003',null,'10060000000000000002',null,null,null,1368066067374,5,'10010000000000000002',null,null,null,null,'1',1,'安装位置','系统测试',null,null);
insert into sv_device (id,standard_number,type,sub_type,name,parent_id,ccs_id,mss_id,pts_id,crs_id,transport,access_mode,max_connect,create_time,channel_number,organ_id,link_type,lan_ip,wan_ip,port,manufacturer_id,status,location,note,channel_amount,device_model_id) VALUES ('10040000000000000066','251010200003000066','2','04','Camera-66','10030000000000000016',null,'10060000000000000003',null,'10060000000000000002',null,null,null,1368066067374,6,'10010000000000000002',null,null,null,null,'1',1,'安装位置','系统测试',null,null);
insert into sv_device (id,standard_number,type,sub_type,name,parent_id,ccs_id,mss_id,pts_id,crs_id,transport,access_mode,max_connect,create_time,channel_number,organ_id,link_type,lan_ip,wan_ip,port,manufacturer_id,status,location,note,channel_amount,device_model_id) VALUES ('10040000000000000067','251010200003000067','2','04','Camera-67','10030000000000000016',null,'10060000000000000003',null,'10060000000000000002',null,null,null,1368066067374,7,'10010000000000000002',null,null,null,null,'1',1,'安装位置','系统测试',null,null);
insert into sv_device (id,standard_number,type,sub_type,name,parent_id,ccs_id,mss_id,pts_id,crs_id,transport,access_mode,max_connect,create_time,channel_number,organ_id,link_type,lan_ip,wan_ip,port,manufacturer_id,status,location,note,channel_amount,device_model_id) VALUES ('10040000000000000068','251010200003000068','2','04','Camera-68','10030000000000000016',null,'10060000000000000003',null,'10060000000000000002',null,null,null,1368066067374,8,'10010000000000000002',null,null,null,null,'1',1,'安装位置','系统测试',null,null);

insert into sv_device (id,standard_number,type,sub_type,name,parent_id,ccs_id,mss_id,pts_id,crs_id,transport,access_mode,max_connect,create_time,channel_number,organ_id,link_type,lan_ip,wan_ip,port,manufacturer_id,status,location,note,channel_amount,device_model_id) VALUES ('10040000000000000069','251010200003000069','2','04','Camera-69','10030000000000000017',null,'10060000000000000003',null,'10060000000000000002',null,null,null,1368066067374,1,'10010000000000000002',null,null,null,null,'1',1,'安装位置','系统测试',null,null);
insert into sv_device (id,standard_number,type,sub_type,name,parent_id,ccs_id,mss_id,pts_id,crs_id,transport,access_mode,max_connect,create_time,channel_number,organ_id,link_type,lan_ip,wan_ip,port,manufacturer_id,status,location,note,channel_amount,device_model_id) VALUES ('10040000000000000070','251010200003000070','2','04','Camera-70','10030000000000000017',null,'10060000000000000003',null,'10060000000000000002',null,null,null,1368066067374,2,'10010000000000000002',null,null,null,null,'1',1,'安装位置','系统测试',null,null);
insert into sv_device (id,standard_number,type,sub_type,name,parent_id,ccs_id,mss_id,pts_id,crs_id,transport,access_mode,max_connect,create_time,channel_number,organ_id,link_type,lan_ip,wan_ip,port,manufacturer_id,status,location,note,channel_amount,device_model_id) VALUES ('10040000000000000071','251010200003000071','2','04','Camera-71','10030000000000000017',null,'10060000000000000003',null,'10060000000000000002',null,null,null,1368066067374,3,'10010000000000000002',null,null,null,null,'1',1,'安装位置','系统测试',null,null);
insert into sv_device (id,standard_number,type,sub_type,name,parent_id,ccs_id,mss_id,pts_id,crs_id,transport,access_mode,max_connect,create_time,channel_number,organ_id,link_type,lan_ip,wan_ip,port,manufacturer_id,status,location,note,channel_amount,device_model_id) VALUES ('10040000000000000072','251010200003000072','2','04','Camera-72','10030000000000000017',null,'10060000000000000003',null,'10060000000000000002',null,null,null,1368066067374,4,'10010000000000000002',null,null,null,null,'1',1,'安装位置','系统测试',null,null);
insert into sv_device (id,standard_number,type,sub_type,name,parent_id,ccs_id,mss_id,pts_id,crs_id,transport,access_mode,max_connect,create_time,channel_number,organ_id,link_type,lan_ip,wan_ip,port,manufacturer_id,status,location,note,channel_amount,device_model_id) VALUES ('10040000000000000073','251010200003000073','2','04','Camera-73','10030000000000000017',null,'10060000000000000003',null,'10060000000000000002',null,null,null,1368066067374,5,'10010000000000000002',null,null,null,null,'1',1,'安装位置','系统测试',null,null);
insert into sv_device (id,standard_number,type,sub_type,name,parent_id,ccs_id,mss_id,pts_id,crs_id,transport,access_mode,max_connect,create_time,channel_number,organ_id,link_type,lan_ip,wan_ip,port,manufacturer_id,status,location,note,channel_amount,device_model_id) VALUES ('10040000000000000074','251010200003000074','2','04','Camera-74','10030000000000000017',null,'10060000000000000003',null,'10060000000000000002',null,null,null,1368066067374,6,'10010000000000000002',null,null,null,null,'1',1,'安装位置','系统测试',null,null);
insert into sv_device (id,standard_number,type,sub_type,name,parent_id,ccs_id,mss_id,pts_id,crs_id,transport,access_mode,max_connect,create_time,channel_number,organ_id,link_type,lan_ip,wan_ip,port,manufacturer_id,status,location,note,channel_amount,device_model_id) VALUES ('10040000000000000075','251010200003000075','2','04','Camera-75','10030000000000000017',null,'10060000000000000003',null,'10060000000000000002',null,null,null,1368066067374,7,'10010000000000000002',null,null,null,null,'1',1,'安装位置','系统测试',null,null);
insert into sv_device (id,standard_number,type,sub_type,name,parent_id,ccs_id,mss_id,pts_id,crs_id,transport,access_mode,max_connect,create_time,channel_number,organ_id,link_type,lan_ip,wan_ip,port,manufacturer_id,status,location,note,channel_amount,device_model_id) VALUES ('10040000000000000076','251010200003000076','2','04','Camera-76','10030000000000000017',null,'10060000000000000003',null,'10060000000000000002',null,null,null,1368066067374,8,'10010000000000000002',null,null,null,null,'1',1,'安装位置','系统测试',null,null);

insert into sv_device (id,standard_number,type,sub_type,name,parent_id,ccs_id,mss_id,pts_id,crs_id,transport,access_mode,max_connect,create_time,channel_number,organ_id,link_type,lan_ip,wan_ip,port,manufacturer_id,status,location,note,channel_amount,device_model_id) VALUES ('10040000000000000077','251010200003000077','2','04','Camera-77','10030000000000000018',null,'10060000000000000003',null,'10060000000000000002',null,null,null,1368066067374,1,'10010000000000000002',null,null,null,null,'1',1,'安装位置','系统测试',null,null);
insert into sv_device (id,standard_number,type,sub_type,name,parent_id,ccs_id,mss_id,pts_id,crs_id,transport,access_mode,max_connect,create_time,channel_number,organ_id,link_type,lan_ip,wan_ip,port,manufacturer_id,status,location,note,channel_amount,device_model_id) VALUES ('10040000000000000078','251010200003000078','2','04','Camera-78','10030000000000000018',null,'10060000000000000003',null,'10060000000000000002',null,null,null,1368066067374,2,'10010000000000000002',null,null,null,null,'1',1,'安装位置','系统测试',null,null);
insert into sv_device (id,standard_number,type,sub_type,name,parent_id,ccs_id,mss_id,pts_id,crs_id,transport,access_mode,max_connect,create_time,channel_number,organ_id,link_type,lan_ip,wan_ip,port,manufacturer_id,status,location,note,channel_amount,device_model_id) VALUES ('10040000000000000079','251010200003000079','2','04','Camera-79','10030000000000000018',null,'10060000000000000003',null,'10060000000000000002',null,null,null,1368066067374,3,'10010000000000000002',null,null,null,null,'1',1,'安装位置','系统测试',null,null);
insert into sv_device (id,standard_number,type,sub_type,name,parent_id,ccs_id,mss_id,pts_id,crs_id,transport,access_mode,max_connect,create_time,channel_number,organ_id,link_type,lan_ip,wan_ip,port,manufacturer_id,status,location,note,channel_amount,device_model_id) VALUES ('10040000000000000080','251010200003000080','2','04','Camera-80','10030000000000000018',null,'10060000000000000003',null,'10060000000000000002',null,null,null,1368066067374,4,'10010000000000000002',null,null,null,null,'1',1,'安装位置','系统测试',null,null);
insert into sv_device (id,standard_number,type,sub_type,name,parent_id,ccs_id,mss_id,pts_id,crs_id,transport,access_mode,max_connect,create_time,channel_number,organ_id,link_type,lan_ip,wan_ip,port,manufacturer_id,status,location,note,channel_amount,device_model_id) VALUES ('10040000000000000081','251010200003000081','2','04','Camera-81','10030000000000000018',null,'10060000000000000003',null,'10060000000000000002',null,null,null,1368066067374,5,'10010000000000000002',null,null,null,null,'1',1,'安装位置','系统测试',null,null);
insert into sv_device (id,standard_number,type,sub_type,name,parent_id,ccs_id,mss_id,pts_id,crs_id,transport,access_mode,max_connect,create_time,channel_number,organ_id,link_type,lan_ip,wan_ip,port,manufacturer_id,status,location,note,channel_amount,device_model_id) VALUES ('10040000000000000082','251010200003000082','2','04','Camera-82','10030000000000000018',null,'10060000000000000003',null,'10060000000000000002',null,null,null,1368066067374,6,'10010000000000000002',null,null,null,null,'1',1,'安装位置','系统测试',null,null);
insert into sv_device (id,standard_number,type,sub_type,name,parent_id,ccs_id,mss_id,pts_id,crs_id,transport,access_mode,max_connect,create_time,channel_number,organ_id,link_type,lan_ip,wan_ip,port,manufacturer_id,status,location,note,channel_amount,device_model_id) VALUES ('10040000000000000083','251010200003000083','2','04','Camera-83','10030000000000000018',null,'10060000000000000003',null,'10060000000000000002',null,null,null,1368066067374,7,'10010000000000000002',null,null,null,null,'1',1,'安装位置','系统测试',null,null);
insert into sv_device (id,standard_number,type,sub_type,name,parent_id,ccs_id,mss_id,pts_id,crs_id,transport,access_mode,max_connect,create_time,channel_number,organ_id,link_type,lan_ip,wan_ip,port,manufacturer_id,status,location,note,channel_amount,device_model_id) VALUES ('10040000000000000084','251010200003000084','2','04','Camera-84','10030000000000000018',null,'10060000000000000003',null,'10060000000000000002',null,null,null,1368066067374,8,'10010000000000000002',null,null,null,null,'1',1,'安装位置','系统测试',null,null);

insert into sv_device (id,standard_number,type,sub_type,name,parent_id,ccs_id,mss_id,pts_id,crs_id,transport,access_mode,max_connect,create_time,channel_number,organ_id,link_type,lan_ip,wan_ip,port,manufacturer_id,status,location,note,channel_amount,device_model_id) VALUES ('10040000000000000085','251010200003000085','2','04','Camera-85','10030000000000000019',null,'10060000000000000003',null,'10060000000000000002',null,null,null,1368066067374,1,'10010000000000000002',null,null,null,null,'1',1,'安装位置','系统测试',null,null);
insert into sv_device (id,standard_number,type,sub_type,name,parent_id,ccs_id,mss_id,pts_id,crs_id,transport,access_mode,max_connect,create_time,channel_number,organ_id,link_type,lan_ip,wan_ip,port,manufacturer_id,status,location,note,channel_amount,device_model_id) VALUES ('10040000000000000086','251010200003000086','2','04','Camera-86','10030000000000000019',null,'10060000000000000003',null,'10060000000000000002',null,null,null,1368066067374,2,'10010000000000000002',null,null,null,null,'1',1,'安装位置','系统测试',null,null);
insert into sv_device (id,standard_number,type,sub_type,name,parent_id,ccs_id,mss_id,pts_id,crs_id,transport,access_mode,max_connect,create_time,channel_number,organ_id,link_type,lan_ip,wan_ip,port,manufacturer_id,status,location,note,channel_amount,device_model_id) VALUES ('10040000000000000087','251010200003000087','2','04','Camera-87','10030000000000000019',null,'10060000000000000003',null,'10060000000000000002',null,null,null,1368066067374,3,'10010000000000000002',null,null,null,null,'1',1,'安装位置','系统测试',null,null);
insert into sv_device (id,standard_number,type,sub_type,name,parent_id,ccs_id,mss_id,pts_id,crs_id,transport,access_mode,max_connect,create_time,channel_number,organ_id,link_type,lan_ip,wan_ip,port,manufacturer_id,status,location,note,channel_amount,device_model_id) VALUES ('10040000000000000088','251010200003000088','2','04','Camera-88','10030000000000000019',null,'10060000000000000003',null,'10060000000000000002',null,null,null,1368066067374,4,'10010000000000000002',null,null,null,null,'1',1,'安装位置','系统测试',null,null);
insert into sv_device (id,standard_number,type,sub_type,name,parent_id,ccs_id,mss_id,pts_id,crs_id,transport,access_mode,max_connect,create_time,channel_number,organ_id,link_type,lan_ip,wan_ip,port,manufacturer_id,status,location,note,channel_amount,device_model_id) VALUES ('10040000000000000089','251010200003000089','2','04','Camera-89','10030000000000000019',null,'10060000000000000003',null,'10060000000000000002',null,null,null,1368066067374,5,'10010000000000000002',null,null,null,null,'1',1,'安装位置','系统测试',null,null);
insert into sv_device (id,standard_number,type,sub_type,name,parent_id,ccs_id,mss_id,pts_id,crs_id,transport,access_mode,max_connect,create_time,channel_number,organ_id,link_type,lan_ip,wan_ip,port,manufacturer_id,status,location,note,channel_amount,device_model_id) VALUES ('10040000000000000090','251010200003000090','2','04','Camera-90','10030000000000000019',null,'10060000000000000003',null,'10060000000000000002',null,null,null,1368066067374,6,'10010000000000000002',null,null,null,null,'1',1,'安装位置','系统测试',null,null);
insert into sv_device (id,standard_number,type,sub_type,name,parent_id,ccs_id,mss_id,pts_id,crs_id,transport,access_mode,max_connect,create_time,channel_number,organ_id,link_type,lan_ip,wan_ip,port,manufacturer_id,status,location,note,channel_amount,device_model_id) VALUES ('10040000000000000091','251010200003000091','2','04','Camera-91','10030000000000000019',null,'10060000000000000003',null,'10060000000000000002',null,null,null,1368066067374,7,'10010000000000000002',null,null,null,null,'1',1,'安装位置','系统测试',null,null);
insert into sv_device (id,standard_number,type,sub_type,name,parent_id,ccs_id,mss_id,pts_id,crs_id,transport,access_mode,max_connect,create_time,channel_number,organ_id,link_type,lan_ip,wan_ip,port,manufacturer_id,status,location,note,channel_amount,device_model_id) VALUES ('10040000000000000092','251010200003000092','2','04','Camera-92','10030000000000000019',null,'10060000000000000003',null,'10060000000000000002',null,null,null,1368066067374,8,'10010000000000000002',null,null,null,null,'1',1,'安装位置','系统测试',null,null);

insert into sv_device (id,standard_number,type,sub_type,name,parent_id,ccs_id,mss_id,pts_id,crs_id,transport,access_mode,max_connect,create_time,channel_number,organ_id,link_type,lan_ip,wan_ip,port,manufacturer_id,status,location,note,channel_amount,device_model_id) VALUES ('10040000000000000093','251010200003000093','2','04','Camera-93','10030000000000000020',null,'10060000000000000003',null,'10060000000000000002',null,null,null,1368066067374,1,'10010000000000000002',null,null,null,null,'1',1,'安装位置','系统测试',null,null);
insert into sv_device (id,standard_number,type,sub_type,name,parent_id,ccs_id,mss_id,pts_id,crs_id,transport,access_mode,max_connect,create_time,channel_number,organ_id,link_type,lan_ip,wan_ip,port,manufacturer_id,status,location,note,channel_amount,device_model_id) VALUES ('10040000000000000094','251010200003000094','2','04','Camera-94','10030000000000000020',null,'10060000000000000003',null,'10060000000000000002',null,null,null,1368066067374,2,'10010000000000000002',null,null,null,null,'1',1,'安装位置','系统测试',null,null);
insert into sv_device (id,standard_number,type,sub_type,name,parent_id,ccs_id,mss_id,pts_id,crs_id,transport,access_mode,max_connect,create_time,channel_number,organ_id,link_type,lan_ip,wan_ip,port,manufacturer_id,status,location,note,channel_amount,device_model_id) VALUES ('10040000000000000095','251010200003000095','2','04','Camera-95','10030000000000000020',null,'10060000000000000003',null,'10060000000000000002',null,null,null,1368066067374,3,'10010000000000000002',null,null,null,null,'1',1,'安装位置','系统测试',null,null);
insert into sv_device (id,standard_number,type,sub_type,name,parent_id,ccs_id,mss_id,pts_id,crs_id,transport,access_mode,max_connect,create_time,channel_number,organ_id,link_type,lan_ip,wan_ip,port,manufacturer_id,status,location,note,channel_amount,device_model_id) VALUES ('10040000000000000096','251010200003000096','2','04','Camera-96','10030000000000000020',null,'10060000000000000003',null,'10060000000000000002',null,null,null,1368066067374,4,'10010000000000000002',null,null,null,null,'1',1,'安装位置','系统测试',null,null);
insert into sv_device (id,standard_number,type,sub_type,name,parent_id,ccs_id,mss_id,pts_id,crs_id,transport,access_mode,max_connect,create_time,channel_number,organ_id,link_type,lan_ip,wan_ip,port,manufacturer_id,status,location,note,channel_amount,device_model_id) VALUES ('10040000000000000097','251010200003000097','2','04','Camera-97','10030000000000000020',null,'10060000000000000003',null,'10060000000000000002',null,null,null,1368066067374,5,'10010000000000000002',null,null,null,null,'1',1,'安装位置','系统测试',null,null);
insert into sv_device (id,standard_number,type,sub_type,name,parent_id,ccs_id,mss_id,pts_id,crs_id,transport,access_mode,max_connect,create_time,channel_number,organ_id,link_type,lan_ip,wan_ip,port,manufacturer_id,status,location,note,channel_amount,device_model_id) VALUES ('10040000000000000098','251010200003000098','2','04','Camera-98','10030000000000000020',null,'10060000000000000003',null,'10060000000000000002',null,null,null,1368066067374,6,'10010000000000000002',null,null,null,null,'1',1,'安装位置','系统测试',null,null);
insert into sv_device (id,standard_number,type,sub_type,name,parent_id,ccs_id,mss_id,pts_id,crs_id,transport,access_mode,max_connect,create_time,channel_number,organ_id,link_type,lan_ip,wan_ip,port,manufacturer_id,status,location,note,channel_amount,device_model_id) VALUES ('10040000000000000099','251010200003000099','2','04','Camera-99','10030000000000000020',null,'10060000000000000003',null,'10060000000000000002',null,null,null,1368066067374,7,'10010000000000000002',null,null,null,null,'1',1,'安装位置','系统测试',null,null);

insert into sv_video_device_property (id,user_name,password,heart_cycle,protocol,stream_type,store_type,local_store_plan,center_store_plan,expand,image_id) VALUES ('10040000000000000001',null,null,null,null,null,0,'000000000000000000000000000000000000000000000000000000000000000000000000000000000000000000000000000000000000000000000000000000000000000000000000000000000000000000000000',null,null,null);
insert into sv_video_device_property (id,user_name,password,heart_cycle,protocol,stream_type,store_type,local_store_plan,center_store_plan,expand,image_id) VALUES ('10040000000000000002',null,null,null,null,null,0,'000000000000000000000000000000000000000000000000000000000000000000000000000000000000000000000000000000000000000000000000000000000000000000000000000000000000000000000000',null,null,null);
insert into sv_video_device_property (id,user_name,password,heart_cycle,protocol,stream_type,store_type,local_store_plan,center_store_plan,expand,image_id) VALUES ('10040000000000000003',null,null,null,null,null,0,'000000000000000000000000000000000000000000000000000000000000000000000000000000000000000000000000000000000000000000000000000000000000000000000000000000000000000000000000',null,null,null);
insert into sv_video_device_property (id,user_name,password,heart_cycle,protocol,stream_type,store_type,local_store_plan,center_store_plan,expand,image_id) VALUES ('10040000000000000004',null,null,null,null,null,0,'000000000000000000000000000000000000000000000000000000000000000000000000000000000000000000000000000000000000000000000000000000000000000000000000000000000000000000000000',null,null,null);
insert into sv_video_device_property (id,user_name,password,heart_cycle,protocol,stream_type,store_type,local_store_plan,center_store_plan,expand,image_id) VALUES ('10040000000000000005',null,null,null,null,null,0,'000000000000000000000000000000000000000000000000000000000000000000000000000000000000000000000000000000000000000000000000000000000000000000000000000000000000000000000000',null,null,null);
insert into sv_video_device_property (id,user_name,password,heart_cycle,protocol,stream_type,store_type,local_store_plan,center_store_plan,expand,image_id) VALUES ('10040000000000000006',null,null,null,null,null,0,'000000000000000000000000000000000000000000000000000000000000000000000000000000000000000000000000000000000000000000000000000000000000000000000000000000000000000000000000',null,null,null);
insert into sv_video_device_property (id,user_name,password,heart_cycle,protocol,stream_type,store_type,local_store_plan,center_store_plan,expand,image_id) VALUES ('10040000000000000007',null,null,null,null,null,0,'000000000000000000000000000000000000000000000000000000000000000000000000000000000000000000000000000000000000000000000000000000000000000000000000000000000000000000000000',null,null,null);
insert into sv_video_device_property (id,user_name,password,heart_cycle,protocol,stream_type,store_type,local_store_plan,center_store_plan,expand,image_id) VALUES ('10040000000000000008',null,null,null,null,null,0,'000000000000000000000000000000000000000000000000000000000000000000000000000000000000000000000000000000000000000000000000000000000000000000000000000000000000000000000000',null,null,null);
insert into sv_video_device_property (id,user_name,password,heart_cycle,protocol,stream_type,store_type,local_store_plan,center_store_plan,expand,image_id) VALUES ('10040000000000000009',null,null,null,null,null,0,'000000000000000000000000000000000000000000000000000000000000000000000000000000000000000000000000000000000000000000000000000000000000000000000000000000000000000000000000',null,null,null);
insert into sv_video_device_property (id,user_name,password,heart_cycle,protocol,stream_type,store_type,local_store_plan,center_store_plan,expand,image_id) VALUES ('10040000000000000010',null,null,null,null,null,0,'000000000000000000000000000000000000000000000000000000000000000000000000000000000000000000000000000000000000000000000000000000000000000000000000000000000000000000000000',null,null,null);
insert into sv_video_device_property (id,user_name,password,heart_cycle,protocol,stream_type,store_type,local_store_plan,center_store_plan,expand,image_id) VALUES ('10040000000000000011',null,null,null,null,null,0,'000000000000000000000000000000000000000000000000000000000000000000000000000000000000000000000000000000000000000000000000000000000000000000000000000000000000000000000000',null,null,null);
insert into sv_video_device_property (id,user_name,password,heart_cycle,protocol,stream_type,store_type,local_store_plan,center_store_plan,expand,image_id) VALUES ('10040000000000000012',null,null,null,null,null,0,'000000000000000000000000000000000000000000000000000000000000000000000000000000000000000000000000000000000000000000000000000000000000000000000000000000000000000000000000',null,null,null);
insert into sv_video_device_property (id,user_name,password,heart_cycle,protocol,stream_type,store_type,local_store_plan,center_store_plan,expand,image_id) VALUES ('10040000000000000013',null,null,null,null,null,0,'000000000000000000000000000000000000000000000000000000000000000000000000000000000000000000000000000000000000000000000000000000000000000000000000000000000000000000000000',null,null,null);
insert into sv_video_device_property (id,user_name,password,heart_cycle,protocol,stream_type,store_type,local_store_plan,center_store_plan,expand,image_id) VALUES ('10040000000000000014',null,null,null,null,null,0,'000000000000000000000000000000000000000000000000000000000000000000000000000000000000000000000000000000000000000000000000000000000000000000000000000000000000000000000000',null,null,null);
insert into sv_video_device_property (id,user_name,password,heart_cycle,protocol,stream_type,store_type,local_store_plan,center_store_plan,expand,image_id) VALUES ('10040000000000000015',null,null,null,null,null,0,'000000000000000000000000000000000000000000000000000000000000000000000000000000000000000000000000000000000000000000000000000000000000000000000000000000000000000000000000',null,null,null);
insert into sv_video_device_property (id,user_name,password,heart_cycle,protocol,stream_type,store_type,local_store_plan,center_store_plan,expand,image_id) VALUES ('10040000000000000016',null,null,null,null,null,0,'000000000000000000000000000000000000000000000000000000000000000000000000000000000000000000000000000000000000000000000000000000000000000000000000000000000000000000000000',null,null,null);
insert into sv_video_device_property (id,user_name,password,heart_cycle,protocol,stream_type,store_type,local_store_plan,center_store_plan,expand,image_id) VALUES ('10040000000000000017',null,null,null,null,null,0,'000000000000000000000000000000000000000000000000000000000000000000000000000000000000000000000000000000000000000000000000000000000000000000000000000000000000000000000000',null,null,null);
insert into sv_video_device_property (id,user_name,password,heart_cycle,protocol,stream_type,store_type,local_store_plan,center_store_plan,expand,image_id) VALUES ('10040000000000000018',null,null,null,null,null,0,'000000000000000000000000000000000000000000000000000000000000000000000000000000000000000000000000000000000000000000000000000000000000000000000000000000000000000000000000',null,null,null);
insert into sv_video_device_property (id,user_name,password,heart_cycle,protocol,stream_type,store_type,local_store_plan,center_store_plan,expand,image_id) VALUES ('10040000000000000019',null,null,null,null,null,0,'000000000000000000000000000000000000000000000000000000000000000000000000000000000000000000000000000000000000000000000000000000000000000000000000000000000000000000000000',null,null,null);
insert into sv_video_device_property (id,user_name,password,heart_cycle,protocol,stream_type,store_type,local_store_plan,center_store_plan,expand,image_id) VALUES ('10040000000000000020',null,null,null,null,null,0,'000000000000000000000000000000000000000000000000000000000000000000000000000000000000000000000000000000000000000000000000000000000000000000000000000000000000000000000000',null,null,null);
insert into sv_video_device_property (id,user_name,password,heart_cycle,protocol,stream_type,store_type,local_store_plan,center_store_plan,expand,image_id) VALUES ('10040000000000000021',null,null,null,null,null,0,'000000000000000000000000000000000000000000000000000000000000000000000000000000000000000000000000000000000000000000000000000000000000000000000000000000000000000000000000',null,null,null);
insert into sv_video_device_property (id,user_name,password,heart_cycle,protocol,stream_type,store_type,local_store_plan,center_store_plan,expand,image_id) VALUES ('10040000000000000022',null,null,null,null,null,0,'000000000000000000000000000000000000000000000000000000000000000000000000000000000000000000000000000000000000000000000000000000000000000000000000000000000000000000000000',null,null,null);
insert into sv_video_device_property (id,user_name,password,heart_cycle,protocol,stream_type,store_type,local_store_plan,center_store_plan,expand,image_id) VALUES ('10040000000000000023',null,null,null,null,null,0,'000000000000000000000000000000000000000000000000000000000000000000000000000000000000000000000000000000000000000000000000000000000000000000000000000000000000000000000000',null,null,null);
insert into sv_video_device_property (id,user_name,password,heart_cycle,protocol,stream_type,store_type,local_store_plan,center_store_plan,expand,image_id) VALUES ('10040000000000000024',null,null,null,null,null,0,'000000000000000000000000000000000000000000000000000000000000000000000000000000000000000000000000000000000000000000000000000000000000000000000000000000000000000000000000',null,null,null);
insert into sv_video_device_property (id,user_name,password,heart_cycle,protocol,stream_type,store_type,local_store_plan,center_store_plan,expand,image_id) VALUES ('10040000000000000025',null,null,null,null,null,0,'000000000000000000000000000000000000000000000000000000000000000000000000000000000000000000000000000000000000000000000000000000000000000000000000000000000000000000000000',null,null,null);
insert into sv_video_device_property (id,user_name,password,heart_cycle,protocol,stream_type,store_type,local_store_plan,center_store_plan,expand,image_id) VALUES ('10040000000000000026',null,null,null,null,null,0,'000000000000000000000000000000000000000000000000000000000000000000000000000000000000000000000000000000000000000000000000000000000000000000000000000000000000000000000000',null,null,null);
insert into sv_video_device_property (id,user_name,password,heart_cycle,protocol,stream_type,store_type,local_store_plan,center_store_plan,expand,image_id) VALUES ('10040000000000000027',null,null,null,null,null,0,'000000000000000000000000000000000000000000000000000000000000000000000000000000000000000000000000000000000000000000000000000000000000000000000000000000000000000000000000',null,null,null);
insert into sv_video_device_property (id,user_name,password,heart_cycle,protocol,stream_type,store_type,local_store_plan,center_store_plan,expand,image_id) VALUES ('10040000000000000028',null,null,null,null,null,0,'000000000000000000000000000000000000000000000000000000000000000000000000000000000000000000000000000000000000000000000000000000000000000000000000000000000000000000000000',null,null,null);
insert into sv_video_device_property (id,user_name,password,heart_cycle,protocol,stream_type,store_type,local_store_plan,center_store_plan,expand,image_id) VALUES ('10040000000000000029',null,null,null,null,null,0,'000000000000000000000000000000000000000000000000000000000000000000000000000000000000000000000000000000000000000000000000000000000000000000000000000000000000000000000000',null,null,null);
insert into sv_video_device_property (id,user_name,password,heart_cycle,protocol,stream_type,store_type,local_store_plan,center_store_plan,expand,image_id) VALUES ('10040000000000000030',null,null,null,null,null,0,'000000000000000000000000000000000000000000000000000000000000000000000000000000000000000000000000000000000000000000000000000000000000000000000000000000000000000000000000',null,null,null);
insert into sv_video_device_property (id,user_name,password,heart_cycle,protocol,stream_type,store_type,local_store_plan,center_store_plan,expand,image_id) VALUES ('10040000000000000031',null,null,null,null,null,0,'000000000000000000000000000000000000000000000000000000000000000000000000000000000000000000000000000000000000000000000000000000000000000000000000000000000000000000000000',null,null,null);
insert into sv_video_device_property (id,user_name,password,heart_cycle,protocol,stream_type,store_type,local_store_plan,center_store_plan,expand,image_id) VALUES ('10040000000000000032',null,null,null,null,null,0,'000000000000000000000000000000000000000000000000000000000000000000000000000000000000000000000000000000000000000000000000000000000000000000000000000000000000000000000000',null,null,null);
insert into sv_video_device_property (id,user_name,password,heart_cycle,protocol,stream_type,store_type,local_store_plan,center_store_plan,expand,image_id) VALUES ('10040000000000000033',null,null,null,null,null,0,'000000000000000000000000000000000000000000000000000000000000000000000000000000000000000000000000000000000000000000000000000000000000000000000000000000000000000000000000',null,null,null);
insert into sv_video_device_property (id,user_name,password,heart_cycle,protocol,stream_type,store_type,local_store_plan,center_store_plan,expand,image_id) VALUES ('10040000000000000034',null,null,null,null,null,0,'000000000000000000000000000000000000000000000000000000000000000000000000000000000000000000000000000000000000000000000000000000000000000000000000000000000000000000000000',null,null,null);
insert into sv_video_device_property (id,user_name,password,heart_cycle,protocol,stream_type,store_type,local_store_plan,center_store_plan,expand,image_id) VALUES ('10040000000000000035',null,null,null,null,null,0,'000000000000000000000000000000000000000000000000000000000000000000000000000000000000000000000000000000000000000000000000000000000000000000000000000000000000000000000000',null,null,null);
insert into sv_video_device_property (id,user_name,password,heart_cycle,protocol,stream_type,store_type,local_store_plan,center_store_plan,expand,image_id) VALUES ('10040000000000000036',null,null,null,null,null,0,'000000000000000000000000000000000000000000000000000000000000000000000000000000000000000000000000000000000000000000000000000000000000000000000000000000000000000000000000',null,null,null);
insert into sv_video_device_property (id,user_name,password,heart_cycle,protocol,stream_type,store_type,local_store_plan,center_store_plan,expand,image_id) VALUES ('10040000000000000037',null,null,null,null,null,0,'000000000000000000000000000000000000000000000000000000000000000000000000000000000000000000000000000000000000000000000000000000000000000000000000000000000000000000000000',null,null,null);
insert into sv_video_device_property (id,user_name,password,heart_cycle,protocol,stream_type,store_type,local_store_plan,center_store_plan,expand,image_id) VALUES ('10040000000000000038',null,null,null,null,null,0,'000000000000000000000000000000000000000000000000000000000000000000000000000000000000000000000000000000000000000000000000000000000000000000000000000000000000000000000000',null,null,null);
insert into sv_video_device_property (id,user_name,password,heart_cycle,protocol,stream_type,store_type,local_store_plan,center_store_plan,expand,image_id) VALUES ('10040000000000000039',null,null,null,null,null,0,'000000000000000000000000000000000000000000000000000000000000000000000000000000000000000000000000000000000000000000000000000000000000000000000000000000000000000000000000',null,null,null);
insert into sv_video_device_property (id,user_name,password,heart_cycle,protocol,stream_type,store_type,local_store_plan,center_store_plan,expand,image_id) VALUES ('10040000000000000040',null,null,null,null,null,0,'000000000000000000000000000000000000000000000000000000000000000000000000000000000000000000000000000000000000000000000000000000000000000000000000000000000000000000000000',null,null,null);
insert into sv_video_device_property (id,user_name,password,heart_cycle,protocol,stream_type,store_type,local_store_plan,center_store_plan,expand,image_id) VALUES ('10040000000000000041',null,null,null,null,null,0,'000000000000000000000000000000000000000000000000000000000000000000000000000000000000000000000000000000000000000000000000000000000000000000000000000000000000000000000000',null,null,null);
insert into sv_video_device_property (id,user_name,password,heart_cycle,protocol,stream_type,store_type,local_store_plan,center_store_plan,expand,image_id) VALUES ('10040000000000000042',null,null,null,null,null,0,'000000000000000000000000000000000000000000000000000000000000000000000000000000000000000000000000000000000000000000000000000000000000000000000000000000000000000000000000',null,null,null);
insert into sv_video_device_property (id,user_name,password,heart_cycle,protocol,stream_type,store_type,local_store_plan,center_store_plan,expand,image_id) VALUES ('10040000000000000043',null,null,null,null,null,0,'000000000000000000000000000000000000000000000000000000000000000000000000000000000000000000000000000000000000000000000000000000000000000000000000000000000000000000000000',null,null,null);
insert into sv_video_device_property (id,user_name,password,heart_cycle,protocol,stream_type,store_type,local_store_plan,center_store_plan,expand,image_id) VALUES ('10040000000000000044',null,null,null,null,null,0,'000000000000000000000000000000000000000000000000000000000000000000000000000000000000000000000000000000000000000000000000000000000000000000000000000000000000000000000000',null,null,null);
insert into sv_video_device_property (id,user_name,password,heart_cycle,protocol,stream_type,store_type,local_store_plan,center_store_plan,expand,image_id) VALUES ('10040000000000000045',null,null,null,null,null,0,'000000000000000000000000000000000000000000000000000000000000000000000000000000000000000000000000000000000000000000000000000000000000000000000000000000000000000000000000',null,null,null);
insert into sv_video_device_property (id,user_name,password,heart_cycle,protocol,stream_type,store_type,local_store_plan,center_store_plan,expand,image_id) VALUES ('10040000000000000046',null,null,null,null,null,0,'000000000000000000000000000000000000000000000000000000000000000000000000000000000000000000000000000000000000000000000000000000000000000000000000000000000000000000000000',null,null,null);
insert into sv_video_device_property (id,user_name,password,heart_cycle,protocol,stream_type,store_type,local_store_plan,center_store_plan,expand,image_id) VALUES ('10040000000000000047',null,null,null,null,null,0,'000000000000000000000000000000000000000000000000000000000000000000000000000000000000000000000000000000000000000000000000000000000000000000000000000000000000000000000000',null,null,null);
insert into sv_video_device_property (id,user_name,password,heart_cycle,protocol,stream_type,store_type,local_store_plan,center_store_plan,expand,image_id) VALUES ('10040000000000000048',null,null,null,null,null,0,'000000000000000000000000000000000000000000000000000000000000000000000000000000000000000000000000000000000000000000000000000000000000000000000000000000000000000000000000',null,null,null);
insert into sv_video_device_property (id,user_name,password,heart_cycle,protocol,stream_type,store_type,local_store_plan,center_store_plan,expand,image_id) VALUES ('10040000000000000049',null,null,null,null,null,0,'000000000000000000000000000000000000000000000000000000000000000000000000000000000000000000000000000000000000000000000000000000000000000000000000000000000000000000000000',null,null,null);
insert into sv_video_device_property (id,user_name,password,heart_cycle,protocol,stream_type,store_type,local_store_plan,center_store_plan,expand,image_id) VALUES ('10040000000000000050',null,null,null,null,null,0,'000000000000000000000000000000000000000000000000000000000000000000000000000000000000000000000000000000000000000000000000000000000000000000000000000000000000000000000000',null,null,null);
insert into sv_video_device_property (id,user_name,password,heart_cycle,protocol,stream_type,store_type,local_store_plan,center_store_plan,expand,image_id) VALUES ('10040000000000000051',null,null,null,null,null,0,'000000000000000000000000000000000000000000000000000000000000000000000000000000000000000000000000000000000000000000000000000000000000000000000000000000000000000000000000',null,null,null);
insert into sv_video_device_property (id,user_name,password,heart_cycle,protocol,stream_type,store_type,local_store_plan,center_store_plan,expand,image_id) VALUES ('10040000000000000052',null,null,null,null,null,0,'000000000000000000000000000000000000000000000000000000000000000000000000000000000000000000000000000000000000000000000000000000000000000000000000000000000000000000000000',null,null,null);
insert into sv_video_device_property (id,user_name,password,heart_cycle,protocol,stream_type,store_type,local_store_plan,center_store_plan,expand,image_id) VALUES ('10040000000000000053',null,null,null,null,null,0,'000000000000000000000000000000000000000000000000000000000000000000000000000000000000000000000000000000000000000000000000000000000000000000000000000000000000000000000000',null,null,null);
insert into sv_video_device_property (id,user_name,password,heart_cycle,protocol,stream_type,store_type,local_store_plan,center_store_plan,expand,image_id) VALUES ('10040000000000000054',null,null,null,null,null,0,'000000000000000000000000000000000000000000000000000000000000000000000000000000000000000000000000000000000000000000000000000000000000000000000000000000000000000000000000',null,null,null);
insert into sv_video_device_property (id,user_name,password,heart_cycle,protocol,stream_type,store_type,local_store_plan,center_store_plan,expand,image_id) VALUES ('10040000000000000055',null,null,null,null,null,0,'000000000000000000000000000000000000000000000000000000000000000000000000000000000000000000000000000000000000000000000000000000000000000000000000000000000000000000000000',null,null,null);
insert into sv_video_device_property (id,user_name,password,heart_cycle,protocol,stream_type,store_type,local_store_plan,center_store_plan,expand,image_id) VALUES ('10040000000000000056',null,null,null,null,null,0,'000000000000000000000000000000000000000000000000000000000000000000000000000000000000000000000000000000000000000000000000000000000000000000000000000000000000000000000000',null,null,null);
insert into sv_video_device_property (id,user_name,password,heart_cycle,protocol,stream_type,store_type,local_store_plan,center_store_plan,expand,image_id) VALUES ('10040000000000000057',null,null,null,null,null,0,'000000000000000000000000000000000000000000000000000000000000000000000000000000000000000000000000000000000000000000000000000000000000000000000000000000000000000000000000',null,null,null);
insert into sv_video_device_property (id,user_name,password,heart_cycle,protocol,stream_type,store_type,local_store_plan,center_store_plan,expand,image_id) VALUES ('10040000000000000058',null,null,null,null,null,0,'000000000000000000000000000000000000000000000000000000000000000000000000000000000000000000000000000000000000000000000000000000000000000000000000000000000000000000000000',null,null,null);
insert into sv_video_device_property (id,user_name,password,heart_cycle,protocol,stream_type,store_type,local_store_plan,center_store_plan,expand,image_id) VALUES ('10040000000000000059',null,null,null,null,null,0,'000000000000000000000000000000000000000000000000000000000000000000000000000000000000000000000000000000000000000000000000000000000000000000000000000000000000000000000000',null,null,null);
insert into sv_video_device_property (id,user_name,password,heart_cycle,protocol,stream_type,store_type,local_store_plan,center_store_plan,expand,image_id) VALUES ('10040000000000000060',null,null,null,null,null,0,'000000000000000000000000000000000000000000000000000000000000000000000000000000000000000000000000000000000000000000000000000000000000000000000000000000000000000000000000',null,null,null);
insert into sv_video_device_property (id,user_name,password,heart_cycle,protocol,stream_type,store_type,local_store_plan,center_store_plan,expand,image_id) VALUES ('10040000000000000061',null,null,null,null,null,0,'000000000000000000000000000000000000000000000000000000000000000000000000000000000000000000000000000000000000000000000000000000000000000000000000000000000000000000000000',null,null,null);
insert into sv_video_device_property (id,user_name,password,heart_cycle,protocol,stream_type,store_type,local_store_plan,center_store_plan,expand,image_id) VALUES ('10040000000000000062',null,null,null,null,null,0,'000000000000000000000000000000000000000000000000000000000000000000000000000000000000000000000000000000000000000000000000000000000000000000000000000000000000000000000000',null,null,null);
insert into sv_video_device_property (id,user_name,password,heart_cycle,protocol,stream_type,store_type,local_store_plan,center_store_plan,expand,image_id) VALUES ('10040000000000000063',null,null,null,null,null,0,'000000000000000000000000000000000000000000000000000000000000000000000000000000000000000000000000000000000000000000000000000000000000000000000000000000000000000000000000',null,null,null);
insert into sv_video_device_property (id,user_name,password,heart_cycle,protocol,stream_type,store_type,local_store_plan,center_store_plan,expand,image_id) VALUES ('10040000000000000064',null,null,null,null,null,0,'000000000000000000000000000000000000000000000000000000000000000000000000000000000000000000000000000000000000000000000000000000000000000000000000000000000000000000000000',null,null,null);
insert into sv_video_device_property (id,user_name,password,heart_cycle,protocol,stream_type,store_type,local_store_plan,center_store_plan,expand,image_id) VALUES ('10040000000000000065',null,null,null,null,null,0,'000000000000000000000000000000000000000000000000000000000000000000000000000000000000000000000000000000000000000000000000000000000000000000000000000000000000000000000000',null,null,null);
insert into sv_video_device_property (id,user_name,password,heart_cycle,protocol,stream_type,store_type,local_store_plan,center_store_plan,expand,image_id) VALUES ('10040000000000000066',null,null,null,null,null,0,'000000000000000000000000000000000000000000000000000000000000000000000000000000000000000000000000000000000000000000000000000000000000000000000000000000000000000000000000',null,null,null);
insert into sv_video_device_property (id,user_name,password,heart_cycle,protocol,stream_type,store_type,local_store_plan,center_store_plan,expand,image_id) VALUES ('10040000000000000067',null,null,null,null,null,0,'000000000000000000000000000000000000000000000000000000000000000000000000000000000000000000000000000000000000000000000000000000000000000000000000000000000000000000000000',null,null,null);
insert into sv_video_device_property (id,user_name,password,heart_cycle,protocol,stream_type,store_type,local_store_plan,center_store_plan,expand,image_id) VALUES ('10040000000000000068',null,null,null,null,null,0,'000000000000000000000000000000000000000000000000000000000000000000000000000000000000000000000000000000000000000000000000000000000000000000000000000000000000000000000000',null,null,null);
insert into sv_video_device_property (id,user_name,password,heart_cycle,protocol,stream_type,store_type,local_store_plan,center_store_plan,expand,image_id) VALUES ('10040000000000000069',null,null,null,null,null,0,'000000000000000000000000000000000000000000000000000000000000000000000000000000000000000000000000000000000000000000000000000000000000000000000000000000000000000000000000',null,null,null);
insert into sv_video_device_property (id,user_name,password,heart_cycle,protocol,stream_type,store_type,local_store_plan,center_store_plan,expand,image_id) VALUES ('10040000000000000070',null,null,null,null,null,0,'000000000000000000000000000000000000000000000000000000000000000000000000000000000000000000000000000000000000000000000000000000000000000000000000000000000000000000000000',null,null,null);
insert into sv_video_device_property (id,user_name,password,heart_cycle,protocol,stream_type,store_type,local_store_plan,center_store_plan,expand,image_id) VALUES ('10040000000000000071',null,null,null,null,null,0,'000000000000000000000000000000000000000000000000000000000000000000000000000000000000000000000000000000000000000000000000000000000000000000000000000000000000000000000000',null,null,null);
insert into sv_video_device_property (id,user_name,password,heart_cycle,protocol,stream_type,store_type,local_store_plan,center_store_plan,expand,image_id) VALUES ('10040000000000000072',null,null,null,null,null,0,'000000000000000000000000000000000000000000000000000000000000000000000000000000000000000000000000000000000000000000000000000000000000000000000000000000000000000000000000',null,null,null);
insert into sv_video_device_property (id,user_name,password,heart_cycle,protocol,stream_type,store_type,local_store_plan,center_store_plan,expand,image_id) VALUES ('10040000000000000073',null,null,null,null,null,0,'000000000000000000000000000000000000000000000000000000000000000000000000000000000000000000000000000000000000000000000000000000000000000000000000000000000000000000000000',null,null,null);
insert into sv_video_device_property (id,user_name,password,heart_cycle,protocol,stream_type,store_type,local_store_plan,center_store_plan,expand,image_id) VALUES ('10040000000000000074',null,null,null,null,null,0,'000000000000000000000000000000000000000000000000000000000000000000000000000000000000000000000000000000000000000000000000000000000000000000000000000000000000000000000000',null,null,null);
insert into sv_video_device_property (id,user_name,password,heart_cycle,protocol,stream_type,store_type,local_store_plan,center_store_plan,expand,image_id) VALUES ('10040000000000000075',null,null,null,null,null,0,'000000000000000000000000000000000000000000000000000000000000000000000000000000000000000000000000000000000000000000000000000000000000000000000000000000000000000000000000',null,null,null);
insert into sv_video_device_property (id,user_name,password,heart_cycle,protocol,stream_type,store_type,local_store_plan,center_store_plan,expand,image_id) VALUES ('10040000000000000076',null,null,null,null,null,0,'000000000000000000000000000000000000000000000000000000000000000000000000000000000000000000000000000000000000000000000000000000000000000000000000000000000000000000000000',null,null,null);
insert into sv_video_device_property (id,user_name,password,heart_cycle,protocol,stream_type,store_type,local_store_plan,center_store_plan,expand,image_id) VALUES ('10040000000000000077',null,null,null,null,null,0,'000000000000000000000000000000000000000000000000000000000000000000000000000000000000000000000000000000000000000000000000000000000000000000000000000000000000000000000000',null,null,null);
insert into sv_video_device_property (id,user_name,password,heart_cycle,protocol,stream_type,store_type,local_store_plan,center_store_plan,expand,image_id) VALUES ('10040000000000000078',null,null,null,null,null,0,'000000000000000000000000000000000000000000000000000000000000000000000000000000000000000000000000000000000000000000000000000000000000000000000000000000000000000000000000',null,null,null);
insert into sv_video_device_property (id,user_name,password,heart_cycle,protocol,stream_type,store_type,local_store_plan,center_store_plan,expand,image_id) VALUES ('10040000000000000079',null,null,null,null,null,0,'000000000000000000000000000000000000000000000000000000000000000000000000000000000000000000000000000000000000000000000000000000000000000000000000000000000000000000000000',null,null,null);
insert into sv_video_device_property (id,user_name,password,heart_cycle,protocol,stream_type,store_type,local_store_plan,center_store_plan,expand,image_id) VALUES ('10040000000000000080',null,null,null,null,null,0,'000000000000000000000000000000000000000000000000000000000000000000000000000000000000000000000000000000000000000000000000000000000000000000000000000000000000000000000000',null,null,null);
insert into sv_video_device_property (id,user_name,password,heart_cycle,protocol,stream_type,store_type,local_store_plan,center_store_plan,expand,image_id) VALUES ('10040000000000000081',null,null,null,null,null,0,'000000000000000000000000000000000000000000000000000000000000000000000000000000000000000000000000000000000000000000000000000000000000000000000000000000000000000000000000',null,null,null);
insert into sv_video_device_property (id,user_name,password,heart_cycle,protocol,stream_type,store_type,local_store_plan,center_store_plan,expand,image_id) VALUES ('10040000000000000082',null,null,null,null,null,0,'000000000000000000000000000000000000000000000000000000000000000000000000000000000000000000000000000000000000000000000000000000000000000000000000000000000000000000000000',null,null,null);
insert into sv_video_device_property (id,user_name,password,heart_cycle,protocol,stream_type,store_type,local_store_plan,center_store_plan,expand,image_id) VALUES ('10040000000000000083',null,null,null,null,null,0,'000000000000000000000000000000000000000000000000000000000000000000000000000000000000000000000000000000000000000000000000000000000000000000000000000000000000000000000000',null,null,null);
insert into sv_video_device_property (id,user_name,password,heart_cycle,protocol,stream_type,store_type,local_store_plan,center_store_plan,expand,image_id) VALUES ('10040000000000000084',null,null,null,null,null,0,'000000000000000000000000000000000000000000000000000000000000000000000000000000000000000000000000000000000000000000000000000000000000000000000000000000000000000000000000',null,null,null);
insert into sv_video_device_property (id,user_name,password,heart_cycle,protocol,stream_type,store_type,local_store_plan,center_store_plan,expand,image_id) VALUES ('10040000000000000085',null,null,null,null,null,0,'000000000000000000000000000000000000000000000000000000000000000000000000000000000000000000000000000000000000000000000000000000000000000000000000000000000000000000000000',null,null,null);
insert into sv_video_device_property (id,user_name,password,heart_cycle,protocol,stream_type,store_type,local_store_plan,center_store_plan,expand,image_id) VALUES ('10040000000000000086',null,null,null,null,null,0,'000000000000000000000000000000000000000000000000000000000000000000000000000000000000000000000000000000000000000000000000000000000000000000000000000000000000000000000000',null,null,null);
insert into sv_video_device_property (id,user_name,password,heart_cycle,protocol,stream_type,store_type,local_store_plan,center_store_plan,expand,image_id) VALUES ('10040000000000000087',null,null,null,null,null,0,'000000000000000000000000000000000000000000000000000000000000000000000000000000000000000000000000000000000000000000000000000000000000000000000000000000000000000000000000',null,null,null);
insert into sv_video_device_property (id,user_name,password,heart_cycle,protocol,stream_type,store_type,local_store_plan,center_store_plan,expand,image_id) VALUES ('10040000000000000088',null,null,null,null,null,0,'000000000000000000000000000000000000000000000000000000000000000000000000000000000000000000000000000000000000000000000000000000000000000000000000000000000000000000000000',null,null,null);
insert into sv_video_device_property (id,user_name,password,heart_cycle,protocol,stream_type,store_type,local_store_plan,center_store_plan,expand,image_id) VALUES ('10040000000000000089',null,null,null,null,null,0,'000000000000000000000000000000000000000000000000000000000000000000000000000000000000000000000000000000000000000000000000000000000000000000000000000000000000000000000000',null,null,null);
insert into sv_video_device_property (id,user_name,password,heart_cycle,protocol,stream_type,store_type,local_store_plan,center_store_plan,expand,image_id) VALUES ('10040000000000000090',null,null,null,null,null,0,'000000000000000000000000000000000000000000000000000000000000000000000000000000000000000000000000000000000000000000000000000000000000000000000000000000000000000000000000',null,null,null);
insert into sv_video_device_property (id,user_name,password,heart_cycle,protocol,stream_type,store_type,local_store_plan,center_store_plan,expand,image_id) VALUES ('10040000000000000091',null,null,null,null,null,0,'000000000000000000000000000000000000000000000000000000000000000000000000000000000000000000000000000000000000000000000000000000000000000000000000000000000000000000000000',null,null,null);
insert into sv_video_device_property (id,user_name,password,heart_cycle,protocol,stream_type,store_type,local_store_plan,center_store_plan,expand,image_id) VALUES ('10040000000000000092',null,null,null,null,null,0,'000000000000000000000000000000000000000000000000000000000000000000000000000000000000000000000000000000000000000000000000000000000000000000000000000000000000000000000000',null,null,null);
insert into sv_video_device_property (id,user_name,password,heart_cycle,protocol,stream_type,store_type,local_store_plan,center_store_plan,expand,image_id) VALUES ('10040000000000000093',null,null,null,null,null,0,'000000000000000000000000000000000000000000000000000000000000000000000000000000000000000000000000000000000000000000000000000000000000000000000000000000000000000000000000',null,null,null);
insert into sv_video_device_property (id,user_name,password,heart_cycle,protocol,stream_type,store_type,local_store_plan,center_store_plan,expand,image_id) VALUES ('10040000000000000094',null,null,null,null,null,0,'000000000000000000000000000000000000000000000000000000000000000000000000000000000000000000000000000000000000000000000000000000000000000000000000000000000000000000000000',null,null,null);
insert into sv_video_device_property (id,user_name,password,heart_cycle,protocol,stream_type,store_type,local_store_plan,center_store_plan,expand,image_id) VALUES ('10040000000000000095',null,null,null,null,null,0,'000000000000000000000000000000000000000000000000000000000000000000000000000000000000000000000000000000000000000000000000000000000000000000000000000000000000000000000000',null,null,null);
insert into sv_video_device_property (id,user_name,password,heart_cycle,protocol,stream_type,store_type,local_store_plan,center_store_plan,expand,image_id) VALUES ('10040000000000000096',null,null,null,null,null,0,'000000000000000000000000000000000000000000000000000000000000000000000000000000000000000000000000000000000000000000000000000000000000000000000000000000000000000000000000',null,null,null);
insert into sv_video_device_property (id,user_name,password,heart_cycle,protocol,stream_type,store_type,local_store_plan,center_store_plan,expand,image_id) VALUES ('10040000000000000097',null,null,null,null,null,0,'000000000000000000000000000000000000000000000000000000000000000000000000000000000000000000000000000000000000000000000000000000000000000000000000000000000000000000000000',null,null,null);
insert into sv_video_device_property (id,user_name,password,heart_cycle,protocol,stream_type,store_type,local_store_plan,center_store_plan,expand,image_id) VALUES ('10040000000000000098',null,null,null,null,null,0,'000000000000000000000000000000000000000000000000000000000000000000000000000000000000000000000000000000000000000000000000000000000000000000000000000000000000000000000000',null,null,null);
insert into sv_video_device_property (id,user_name,password,heart_cycle,protocol,stream_type,store_type,local_store_plan,center_store_plan,expand,image_id) VALUES ('10040000000000000099',null,null,null,null,null,0,'000000000000000000000000000000000000000000000000000000000000000000000000000000000000000000000000000000000000000000000000000000000000000000000000000000000000000000000000',null,null,null);

insert into sv_user_session (id,ticket,user_id,organ_id,organ_name,path,logon_name,standard_number,logon_time,update_time,ip,client_type) VALUES ('10050000000000000000','10050000000000000000','10020000000000000000','10010000000000000000','root','/10010000000000000000','admin','251000000090000000',1468066067374,1468066067374,'192.168.1.1','Omc');

insert into sv_role (id,name,type,organ_id,note,create_time) VALUES (5,'test-role',95,'10010000000000000000','test-role',1370336934106);

insert into r_role_menu_permission (role_id,menu_id) VALUES (5,1);
insert into r_role_menu_permission (role_id,menu_id) VALUES (5,2);

insert into r_role_resource_permission (id,role_id,resource_id,resource_type,privilege) VALUES (1,5,'10040000000000000001','2','1,2');
insert into r_role_resource_permission (id,role_id,resource_id,resource_type,privilege) VALUES (2,5,'10040000000000000002','2','1,2,4');
insert into r_role_resource_permission (id,role_id,resource_id,resource_type,privilege) VALUES (3,5,'10040000000000000003','2','1');
insert into r_role_resource_permission (id,role_id,resource_id,resource_type,privilege) VALUES (4,4,'10040000000000000042','2','1,4');

insert into sv_user (id,standard_number,ccs_id,logon_name,name,password,sex,email,phone,address,organ_id,image_id,priority,create_time,status,note,max_connect) VALUES ('10020000000000000001','251000000090000001','10060000000000000001','test-user','test-user','e10adc3949ba59abbe56e057f20f883e',0,'test-user@scsvision.com','02888888888','四川智能视讯信息技术有限公司','10010000000000000000',2,9,1368066067374,1,'test',99);

insert into r_user_role (user_id,role_id) VALUES ('10020000000000000001',5);
